repeat,fold,population,accuracy,macro_f1,balanced_accuracy,log_loss,brier,macro_auc,top_ece,classwise_ece
0,0,fitting,0.5535041446872645,0.4616506294546735,0.4668872362302448,1.1819251459174682,0.5978156429508522,0.8404682052943301,0.1053680371148226,0.06745826630402228
0,0,outer,0.42620481927710846,0.28085209136384676,0.32887557663473094,1.4110291069689385,0.6944732437705947,0.6582824817963546,0.04122682238374846,0.028025432928756745
0,1,fitting,0.5395629238884703,0.43755270768269455,0.44931396298353443,1.1780623528460172,0.595518581881687,0.8436223733926917,0.09348308627856107,0.06818347657545595
0,1,outer,0.45331325301204817,0.30231621885532767,0.3511446332478355,1.4057074081728613,0.6967956956688937,0.6650348177451506,0.03008625148331177,0.02666960346336076
0,2,fitting,0.5566854990583804,0.461935818651419,0.46834940236432987,1.1830527577626913,0.5972479665433482,0.8384332435229555,0.10916904674102731,0.0695743859983385
0,2,outer,0.4343891402714932,0.2952762482535844,0.3378695599389694,1.4071516408767837,0.7008845844760639,0.6650426388828897,0.02784188099626852,0.02181419876398136
0,3,fitting,0.5510357815442561,0.46088029566433397,0.4656056352408662,1.1870843288014197,0.5994002746481661,0.8388957163973221,0.10782143982928524,0.06568234636420453
0,3,outer,0.4555052790346908,0.2901626352537492,0.346837994377373,1.3796660332257513,0.6833235011850479,0.6713466274412854,0.03262722235119188,0.029492784770580822
0,4,fitting,0.554257724189902,0.4531821109316179,0.46280121050210543,1.177561879449414,0.5944516684892158,0.8432750579478437,0.10570210843186437,0.0709866965866626
0,4,outer,0.4186746987951807,0.27719319605500176,0.3235922831077324,1.4287210624773048,0.7101976613155097,0.6557618157862798,0.04168452352189899,0.021444953082556523
1,0,fitting,0.5535041446872645,0.4578815847053573,0.4648656043874516,1.1815740756158801,0.5971106563607513,0.8433714133110195,0.10792531947852724,0.07212286009978419
1,0,outer,0.44879518072289154,0.30217446665938497,0.3486115125336281,1.3872055657683222,0.689112402578864,0.6771604542147774,0.029389342257096124,0.019469346327200612
1,1,fitting,0.5565184626978146,0.4668730061527585,0.47032334804262427,1.183827985807068,0.5981463672884971,0.838725931493979,0.11140013975869824,0.06707882408055085
1,1,outer,0.45933734939759036,0.3173413322120481,0.35979096753382006,1.3935687460085981,0.6889425312117463,0.6669873507883353,0.03399168433458059,0.03279704480056309
1,2,fitting,0.5538809344385832,0.46550767966162276,0.46861142673002093,1.181057651394593,0.5953128705183637,0.8401944955052117,0.10600756280120582,0.06737322874386678
1,2,outer,0.44126506024096385,0.2920836090251787,0.34212852250649395,1.395929906136591,0.693688991003818,0.6692317002947507,0.03651437189932543,0.02185861307236824
1,3,fitting,0.5532956685499059,0.45621678562741097,0.4643327042044977,1.179480708134845,0.5958323029052701,0.8388956214805787,0.10619873339646962,0.0668152411191541
1,3,outer,0.42835595776772245,0.2920441546970964,0.33401919877004355,1.406678223287282,0.6993045147517164,0.6651201252810383,0.035449430577335475,0.025214162773578363
1,4,fitting,0.552165725047081,0.45346954400624273,0.4621999942009287,1.1835395746603259,0.5978843079243225,0.8386907946650318,0.10624251303987298,0.06874262578635135
1,4,outer,0.42684766214177977,0.28237914926541824,0.32994109332136423,1.398693491458831,0.6940823254036022,0.6810852774671565,0.03948365371957881,0.022079780615192446
2,0,fitting,0.5546345139412208,0.4597996753933934,0.4667504156245708,1.179507999899521,0.5953330264225634,0.8431216672844404,0.11169993543495409,0.0733316465284426
2,0,outer,0.4442771084337349,0.28620241713512495,0.3404208187290309,1.4023332338836543,0.6942230675888523,0.6620534067438727,0.032860783640606295,0.02480916063284859
2,1,fitting,0.551243406179352,0.45629451645286634,0.4632726807471884,1.178773668894095,0.5951476055393272,0.8391635848577333,0.10163426252725911,0.06882636025942498
2,1,outer,0.4186746987951807,0.26466897850491977,0.3191361450935507,1.4110211043744452,0.7020169504733085,0.6645826192498445,0.030477754959856454,0.021115033139765836
2,2,fitting,0.5450094161958569,0.4498047136072092,0.45740224860068057,1.184212625249936,0.5984593972799107,0.8393104404361589,0.09828962303338465,0.06636394457733504
2,2,outer,0.44042232277526394,0.2851655451767426,0.33739047288958784,1.4007766276262865,0.6953939247574743,0.6715325701316537,0.032786813765532996,0.02889016421705103
2,3,fitting,0.5470987189148455,0.44930368388957775,0.4580643129798115,1.1844443491274366,0.5986329462043252,0.8399978377224702,0.10056480741385126,0.06747525204667526
2,3,outer,0.4578313253012048,0.3245992914268853,0.36213941537161115,1.3883627365147748,0.6912448086560609,0.6790526403306697,0.054959611960171434,0.029434610132348365
2,4,fitting,0.5551789077212806,0.46244053044896694,0.4677328452358115,1.1819801669170176,0.5972046777511404,0.8404353099509823,0.10851799137676488,0.06784457352237157
2,4,outer,0.4343891402714932,0.29378911433117816,0.3370885848532491,1.4011227162892361,0.6912867495592503,0.6641204187203118,0.045682643611535345,0.025371264945181583
3,0,fitting,0.5440844009042954,0.4430424139790146,0.4536814328566103,1.1879801609384861,0.6002337925561089,0.841217787587435,0.10182883645332924,0.06844177785494246
3,0,outer,0.4367469879518072,0.2837119996890374,0.33542699193413184,1.3751407604511932,0.6805484740815576,0.6845642265268568,0.060661937723003566,0.026865230828212138
3,1,fitting,0.5584024114544084,0.4687156113389195,0.4723123943662485,1.1820238855524792,0.5968739829454048,0.839647518587415,0.11335540678869331,0.06714569302242304
3,1,outer,0.44879518072289154,0.29977588386585696,0.34769693943399427,1.388579927225664,0.6871528229119601,0.6690536969910725,0.039253037278938085,0.02693898996751252
3,2,fitting,0.5504898266767144,0.4465988982816542,0.4589789196860738,1.1807701932121808,0.5964447844618079,0.845214612764383,0.10350440617567691,0.06703474107941972
3,2,outer,0.4307228915662651,0.2811612065319027,0.33154761277112826,1.4091366736524287,0.6993134656207052,0.6636318517459106,0.02828520856043244,0.019918035380466426
3,3,fitting,0.5472693032015066,0.4493808983222703,0.45820098171834134,1.1805256108080098,0.5961098786603839,0.8402001046678438,0.09930723146175727,0.0665908041995322
3,3,outer,0.4464555052790347,0.30766917732724186,0.34847300062005687,1.4069584397287265,0.6981913628831504,0.6695322984799634,0.025434976010511395,0.01879159685253841
3,4,fitting,0.5510357815442561,0.45032716675788187,0.4603067483814338,1.179927205034227,0.5955746105655947,0.8409014176161318,0.10395972121041318,0.06944348107945432
3,4,outer,0.42835595776772245,0.2838135335286856,0.330934561176475,1.4203485475172273,0.7092275139819622,0.6623834665288822,0.022979562532079077,0.019153433395787203
4,0,fitting,0.5508666164280331,0.4530018200653584,0.4611173096205058,1.1848920353872046,0.598096711204736,0.8358322173747531,0.10359916852820175,0.06668381968857322
4,0,outer,0.4367469879518072,0.27530391022948514,0.33196341773019344,1.402128471024638,0.6963632503849712,0.6698260930619852,0.034061815622409564,0.024924635561951576
4,1,fitting,0.551789077212806,0.4515122730102135,0.4606923042297046,1.1836527449917742,0.5994216355032964,0.838712497679295,0.10446229940527524,0.0682178717656256
4,1,outer,0.4434389140271493,0.2955541699183643,0.3436109107546108,1.4042867124969776,0.6917102066708702,0.670435959790478,0.06003208387423919,0.03014542883130153
4,2,fitting,0.554257724189902,0.45976201542616196,0.4656798177055686,1.1896362011852997,0.6004153790615218,0.8371426851085108,0.10851793179699527,0.06775495932005998
4,2,outer,0.42018072289156627,0.27285358984099867,0.32229651500008244,1.3744029647184484,0.6832605558357734,0.6864643768505191,0.04785000308778503,0.021760400279140377
4,3,fitting,0.5599095704596835,0.4718322870504303,0.4748340659480176,1.1773840539196012,0.5928195229766589,0.8417908893261407,0.11226981982972724,0.06797097299943937
4,3,outer,0.44728915662650603,0.30626681569436803,0.34980274248674326,1.4194587227973896,0.7059833278095731,0.6480310086489737,0.036204721003364894,0.03727155666131822
4,4,fitting,0.5506591337099812,0.4568462069986565,0.463452077975148,1.1843253605536848,0.5987729077917768,0.8424138683901816,0.10663090961053413,0.06825663854284345
4,4,outer,0.43288084464555054,0.2876098259493486,0.3337979528333353,1.4032787704865317,0.6948160950380713,0.6638413954741562,0.019246974857360485,0.022611440906898643
5,0,fitting,0.5516201959306707,0.4556903828683768,0.46313698144822774,1.1781067212960141,0.5954501543546604,0.8393969919603428,0.10445823520355967,0.06804882180611585
5,0,outer,0.42620481927710846,0.2818906785907781,0.32924445702077587,1.4160592237311556,0.7025645946946185,0.6660777801200048,0.029398792704798785,0.02394311586638915
5,1,fitting,0.5574387947269304,0.4698399493435928,0.4721674960731539,1.1804185084137195,0.5959302508872296,0.8422169336477239,0.1123174745854451,0.06892600806876553
5,1,outer,0.4358974358974359,0.2930208009305558,0.3381766274793148,1.3994834314402649,0.6950511379241235,0.6698133192180227,0.02629845544262525,0.033725138014976536
5,2,fitting,0.5504898266767144,0.4587409745116647,0.46375098552978544,1.18403320516114,0.5972052973658201,0.8376857703113622,0.10149633857874425,0.06937443050804165
5,2,outer,0.42620481927710846,0.2698996476993701,0.3239139142200149,1.4179520054776709,0.7036105120810036,0.647335960223166,0.024019535974968684,0.029445764630939324
5,3,fitting,0.5380557648831952,0.43424010398981083,0.4468988484355833,1.1865696646321053,0.599435503578968,0.8415680605960715,0.09259805783669098,0.07009792813217099
5,3,outer,0.42620481927710846,0.2773589327397353,0.3277418707928819,1.3932638099249743,0.6894229984780376,0.6779831751794886,0.050886177753662075,0.01986171078813495
5,4,fitting,0.5495291902071563,0.45451618209933925,0.46147689478235254,1.1794272271828057,0.5969458334255409,0.8417804843524441,0.1042750582727256,0.06834718246799948
5,4,outer,0.4343891402714932,0.2808354635284823,0.33287481876496516,1.4058142410028602,0.6935944424714103,0.6628021426992352,0.03387837394837179,0.02309353716829729
6,0,fitting,0.5476459510357815,0.45072069835504686,0.4586612627197944,1.1814671705375936,0.5965193975307802,0.8420558614767533,0.1021823047078687,0.06960910049822754
6,0,outer,0.4494720965309201,0.30010089492748904,0.34795484267947935,1.3892884085123987,0.6887545282478756,0.6796833711269757,0.037671469343209335,0.027267445213758817
6,1,fitting,0.5474755086661642,0.45065780820208656,0.4584860061094525,1.1876817464700655,0.600059152470662,0.8382581387502268,0.10231432386347833,0.06869086181788066
6,1,outer,0.4427710843373494,0.28528125105527913,0.3404207974862539,1.3792044398498893,0.6835395369637165,0.6833104069665952,0.06656478595915322,0.033113288287664196
6,2,fitting,0.5470987189148455,0.45466434069885225,0.4608221204314897,1.183841321911151,0.5979919616024217,0.8397469631524596,0.10059208745611077,0.06526287596636357
6,2,outer,0.45481927710843373,0.31098700071675245,0.35543868550386903,1.3934357197755844,0.6917979659402632,0.6682609228503058,0.040753284422308494,0.03198158441887782
6,3,fitting,0.5446327683615819,0.4482028937022733,0.45671160256677956,1.1832795671834195,0.5974494260058772,0.8400586177470537,0.09757324117594211,0.06424314642742497
6,3,outer,0.44042232277526394,0.2911489011120417,0.3401766243792742,1.3926367417469505,0.6906348190010623,0.6682410353868464,0.01947035475424585,0.02498985441747372
6,4,fitting,0.5535041446872645,0.4542819505153677,0.46322560892741593,1.1786491896191638,0.5954273520137818,0.842084728205218,0.10733932367990755,0.06822137878445629
6,4,outer,0.4352409638554217,0.29951531323215563,0.3399670961249034,1.4183992952616968,0.7040710338442178,0.6642708793500902,0.01134978926182005,0.02621681620383446
7,0,fitting,0.5508666164280331,0.45858485300566193,0.4641045394600608,1.182140410884507,0.5970725064427858,0.8415842423099417,0.10541757259822754,0.06707896087048879
7,0,outer,0.4427710843373494,0.28551040578013354,0.34011032448576317,1.3898386050919733,0.6884274866472706,0.682356806538033,0.029049920732482793,0.02173868074535481
7,1,fitting,0.552165725047081,0.45975144728817324,0.4651453016289384,1.1860728122730122,0.598712958909841,0.8422426227283728,0.10903619448001371,0.0702640514185465
7,1,outer,0.4539969834087481,0.30008166331069963,0.3505998755358758,1.3818437622732205,0.686633962985371,0.6783065438860271,0.040746980682764014,0.026934857392931867
7,2,fitting,0.5523737754333082,0.46029083265031645,0.4657526751032769,1.182144685073875,0.5972114852363817,0.838385772496746,0.10409348980287228,0.0654972344528188
7,2,outer,0.42168674698795183,0.2844347550448153,0.3264328218681059,1.4183396460721045,0.703013277151906,0.6596316929747933,0.04208175665731884,0.022358073122352613
7,3,fitting,0.5546345139412208,0.45780169008528226,0.4660049414963531,1.1789357969087664,0.5954828662550811,0.8404060650116685,0.10783894215807219,0.06827854523947602
7,3,outer,0.42620481927710846,0.2924053659623395,0.33218945326438754,1.4118902046991686,0.7007864118254132,0.6532836688501794,0.0223733173165076,0.028258235975986867
7,4,fitting,0.5465160075329567,0.4503650864811709,0.45880904425969715,1.1810534867287286,0.596307446028545,0.840484325192493,0.09877460228443097,0.07008648686580603
7,4,outer,0.4374057315233786,0.2857698740653286,0.3362933990681671,1.3956456551313958,0.6933583608122448,0.6721378798885775,0.0512696581336143,0.02792505171889435
8,0,fitting,0.5414468726450641,0.4445873699013959,0.45316688458642734,1.1938855149026406,0.6034372414241543,0.8395137867365469,0.09942992468357478,0.07057426626801436
8,0,outer,0.46686746987951805,0.31565382150876914,0.3628941769906207,1.3540500659544905,0.6720857519877421,0.6939792330325437,0.04324228878725297,0.031314219013454
8,1,fitting,0.5550113036925396,0.4633029654640038,0.4682970087896635,1.1774076644340363,0.5952392832110605,0.8398294230257617,0.10702218048254851,0.06803501905621405
8,1,outer,0.4322289156626506,0.2816513823058958,0.33272768882355414,1.4156982942266891,0.6988615386798132,0.6523935944930708,0.029154059268992408,0.028280512450371786
8,2,fitting,0.5425772418990203,0.4397078164374325,0.4514432445238761,1.1807934657580628,0.5972616575874968,0.8416833550377973,0.09377989640024434,0.06775310519742424
8,2,outer,0.4171686746987952,0.2788957193638567,0.32343239785639194,1.4104299299331546,0.7005064671677291,0.6656264634198628,0.050014011370492044,0.029342903333671216
8,3,fitting,0.5578154425612053,0.46466472260226854,0.47027783411449225,1.1723389028870415,0.5921550466261035,0.8473029494320314,0.11197251846512798,0.07084155497356062
8,3,outer,0.4298642533936652,0.2955509938723235,0.33653209319824684,1.4198213497126815,0.7024857292267379,0.6589689738905988,0.03630387301420025,0.03207138999622679
8,4,fitting,0.5450094161958569,0.44575257426766396,0.4553402863346463,1.1835987306091482,0.597281257732216,0.8386004731960639,0.09758807946492311,0.06730614354224182
8,4,outer,0.4374057315233786,0.2844759994515199,0.3363635235158059,1.4090795290880005,0.7016670638048846,0.6619015630989581,0.042625508967342324,0.025989859894588557
9,0,fitting,0.5523737754333082,0.46111856142140545,0.4657501852332004,1.1872681569826617,0.5998404878801135,0.8375419414774162,0.1075089145768609,0.06767480956946934
9,0,outer,0.4457831325301205,0.2787451063516925,0.3389312148088376,1.384606143665378,0.6874888082379752,0.6688380474483389,0.03472663347321261,0.03215041468911952
9,1,fitting,0.5535041446872645,0.4577857646946176,0.4653858473097148,1.18149236097915,0.5967152903760365,0.8381496987353957,0.1076903327151471,0.0646536336101978
9,1,outer,0.4427710843373494,0.29009127062196116,0.34116918818951747,1.4196573438382967,0.7043186194398611,0.6538362502058515,0.024876326547430848,0.02932332923063884
9,2,fitting,0.5557648831951771,0.4635496940264912,0.4684295497529213,1.1795618725845076,0.5958056064308542,0.8437060899193984,0.10802697891865207,0.07059305024501726
9,2,outer,0.4367469879518072,0.2960668904298833,0.3399378924321262,1.3970221273882955,0.6935729827536479,0.6702949808004715,0.04427272581897252,0.030007928652212097
9,3,fitting,0.5476459510357815,0.44867487631485725,0.4579830150281774,1.1816506516924719,0.5962867619610797,0.8422146260421594,0.10171751291498499,0.06959502754503263
9,3,outer,0.45098039215686275,0.31427505522803023,0.3545575952950564,1.3981460875130403,0.6961521468811797,0.6738030413214876,0.031849365508649,0.02396718206662412
9,4,fitting,0.5574387947269304,0.46301663969863416,0.4690393159995626,1.1830263741332967,0.5976809993103653,0.8420705932586069,0.11130423565048232,0.07094755638967316
9,4,outer,0.4253393665158371,0.2640864370682042,0.3217592145597295,1.3895831420270155,0.6864305015162129,0.6792347617571448,0.07187102951616951,0.023007033459808663
