class_name,precision,recall,f1,support,arm,repeat
completed_effective,0.4890988372093023,0.7444690265486725,0.5903508771929824,904,raw,0
completed_ineffective,0.22784810126582278,0.06679035250463822,0.10329985652797705,539,raw,0
partial,0.1574074074074074,0.037199124726477024,0.06017699115044248,457,raw,0
dropped_out,0.4565508021390374,0.7563676633444075,0.5694039182992914,903,raw,0
declined,0.2388888888888889,0.08349514563106795,0.1237410071942446,515,raw,0
completed_effective,0.48255813953488375,0.7345132743362832,0.5824561403508772,904,raw,1
completed_ineffective,0.2012987012987013,0.0575139146567718,0.08946608946608947,539,raw,1
partial,0.2358490566037736,0.05470459518599562,0.08880994671403197,457,raw,1
dropped_out,0.45963975983989325,0.7630121816168328,0.5736885928393006,903,raw,1
declined,0.29508196721311475,0.10485436893203884,0.15472779369627507,515,raw,1
completed_effective,0.485859318346628,0.7411504424778761,0.5869469995619798,904,raw,2
completed_ineffective,0.23493975903614459,0.07235621521335807,0.11063829787234042,539,raw,2
partial,0.25,0.045951859956236324,0.07763401109057301,457,raw,2
dropped_out,0.4578073089700997,0.7630121816168328,0.5722591362126246,903,raw,2
declined,0.20652173913043478,0.07378640776699029,0.10872675250357654,515,raw,2
completed_effective,0.4908155767817781,0.7389380530973452,0.5898454746136865,904,raw,3
completed_ineffective,0.20634920634920634,0.07235621521335807,0.10714285714285714,539,raw,3
partial,0.189873417721519,0.03282275711159737,0.055970149253731345,457,raw,3
dropped_out,0.45575515635395875,0.7585825027685493,0.5694098088113051,903,raw,3
declined,0.25268817204301075,0.0912621359223301,0.1340941512125535,515,raw,3
completed_effective,0.487964989059081,0.7400442477876106,0.5881318681318681,904,raw,4
completed_ineffective,0.21656050955414013,0.06307977736549165,0.09770114942528736,539,raw,4
partial,0.18556701030927836,0.03938730853391685,0.06498194945848375,457,raw,4
dropped_out,0.45178335535006603,0.7574750830564784,0.565990897807199,903,raw,4
declined,0.2346368715083799,0.08155339805825243,0.12103746397694524,515,raw,4
completed_effective,0.4796863863150392,0.7444690265486725,0.5834416991764196,904,raw,5
completed_ineffective,0.20588235294117646,0.06493506493506493,0.09873060648801128,539,raw,5
partial,0.18604651162790697,0.0350109409190372,0.058931860036832415,457,raw,5
dropped_out,0.4536784741144414,0.7375415282392026,0.5617882749894559,903,raw,5
declined,0.18848167539267016,0.06990291262135923,0.10198300283286119,515,raw,5
completed_effective,0.4937637564196625,0.7444690265486725,0.5937362152624615,904,raw,6
completed_ineffective,0.24539877300613497,0.07421150278293136,0.11396011396011396,539,raw,6
partial,0.2289156626506024,0.04157549234135667,0.07037037037037037,457,raw,6
dropped_out,0.4596026490066225,0.7685492801771872,0.5752175714877745,903,raw,6
declined,0.24623115577889448,0.09514563106796116,0.13725490196078433,515,raw,6
completed_effective,0.4876453488372093,0.7422566371681416,0.5885964912280702,904,raw,7
completed_ineffective,0.20224719101123595,0.06679035250463822,0.100418410041841,539,raw,7
partial,0.22727272727272727,0.0437636761487965,0.07339449541284404,457,raw,7
dropped_out,0.4576043068640646,0.7530454042081949,0.5692758476349937,903,raw,7
declined,0.21578947368421053,0.07961165048543689,0.11631205673758865,515,raw,7
completed_effective,0.48533724340175954,0.7323008849557522,0.5837742504409171,904,raw,8
completed_ineffective,0.22699386503067484,0.0686456400742115,0.10541310541310542,539,raw,8
partial,0.21951219512195122,0.03938730853391685,0.06679035250463822,457,raw,8
dropped_out,0.4526176275679258,0.7563676633444075,0.5663349917081261,903,raw,8
declined,0.245,0.09514563106796116,0.13706293706293707,515,raw,8
completed_effective,0.4895155459146782,0.7488938053097345,0.5920419763882816,904,raw,9
completed_ineffective,0.2073170731707317,0.06307977736549165,0.09672830725462304,539,raw,9
partial,0.1978021978021978,0.03938730853391685,0.06569343065693431,457,raw,9
dropped_out,0.45550428477257743,0.7652270210409745,0.5710743801652892,903,raw,9
declined,0.25153374233128833,0.07961165048543689,0.12094395280235988,515,raw,9
completed_effective,0.4890988372093023,0.7444690265486725,0.5903508771929824,904,calibrated,0
completed_ineffective,0.22784810126582278,0.06679035250463822,0.10329985652797705,539,calibrated,0
partial,0.1574074074074074,0.037199124726477024,0.06017699115044248,457,calibrated,0
dropped_out,0.4565508021390374,0.7563676633444075,0.5694039182992914,903,calibrated,0
declined,0.2388888888888889,0.08349514563106795,0.1237410071942446,515,calibrated,0
completed_effective,0.48255813953488375,0.7345132743362832,0.5824561403508772,904,calibrated,1
completed_ineffective,0.2012987012987013,0.0575139146567718,0.08946608946608947,539,calibrated,1
partial,0.2358490566037736,0.05470459518599562,0.08880994671403197,457,calibrated,1
dropped_out,0.45963975983989325,0.7630121816168328,0.5736885928393006,903,calibrated,1
declined,0.29508196721311475,0.10485436893203884,0.15472779369627507,515,calibrated,1
completed_effective,0.485859318346628,0.7411504424778761,0.5869469995619798,904,calibrated,2
completed_ineffective,0.23493975903614459,0.07235621521335807,0.11063829787234042,539,calibrated,2
partial,0.25,0.045951859956236324,0.07763401109057301,457,calibrated,2
dropped_out,0.4578073089700997,0.7630121816168328,0.5722591362126246,903,calibrated,2
declined,0.20652173913043478,0.07378640776699029,0.10872675250357654,515,calibrated,2
completed_effective,0.4908155767817781,0.7389380530973452,0.5898454746136865,904,calibrated,3
completed_ineffective,0.20634920634920634,0.07235621521335807,0.10714285714285714,539,calibrated,3
partial,0.189873417721519,0.03282275711159737,0.055970149253731345,457,calibrated,3
dropped_out,0.45575515635395875,0.7585825027685493,0.5694098088113051,903,calibrated,3
declined,0.25268817204301075,0.0912621359223301,0.1340941512125535,515,calibrated,3
completed_effective,0.487964989059081,0.7400442477876106,0.5881318681318681,904,calibrated,4
completed_ineffective,0.21656050955414013,0.06307977736549165,0.09770114942528736,539,calibrated,4
partial,0.18556701030927836,0.03938730853391685,0.06498194945848375,457,calibrated,4
dropped_out,0.45178335535006603,0.7574750830564784,0.565990897807199,903,calibrated,4
declined,0.2346368715083799,0.08155339805825243,0.12103746397694524,515,calibrated,4
completed_effective,0.4796863863150392,0.7444690265486725,0.5834416991764196,904,calibrated,5
completed_ineffective,0.20588235294117646,0.06493506493506493,0.09873060648801128,539,calibrated,5
partial,0.18604651162790697,0.0350109409190372,0.058931860036832415,457,calibrated,5
dropped_out,0.4536784741144414,0.7375415282392026,0.5617882749894559,903,calibrated,5
declined,0.18848167539267016,0.06990291262135923,0.10198300283286119,515,calibrated,5
completed_effective,0.4937637564196625,0.7444690265486725,0.5937362152624615,904,calibrated,6
completed_ineffective,0.24539877300613497,0.07421150278293136,0.11396011396011396,539,calibrated,6
partial,0.2289156626506024,0.04157549234135667,0.07037037037037037,457,calibrated,6
dropped_out,0.4596026490066225,0.7685492801771872,0.5752175714877745,903,calibrated,6
declined,0.24623115577889448,0.09514563106796116,0.13725490196078433,515,calibrated,6
completed_effective,0.4876453488372093,0.7422566371681416,0.5885964912280702,904,calibrated,7
completed_ineffective,0.20224719101123595,0.06679035250463822,0.100418410041841,539,calibrated,7
partial,0.22727272727272727,0.0437636761487965,0.07339449541284404,457,calibrated,7
dropped_out,0.4576043068640646,0.7530454042081949,0.5692758476349937,903,calibrated,7
declined,0.21578947368421053,0.07961165048543689,0.11631205673758865,515,calibrated,7
completed_effective,0.48533724340175954,0.7323008849557522,0.5837742504409171,904,calibrated,8
completed_ineffective,0.22699386503067484,0.0686456400742115,0.10541310541310542,539,calibrated,8
partial,0.21951219512195122,0.03938730853391685,0.06679035250463822,457,calibrated,8
dropped_out,0.4526176275679258,0.7563676633444075,0.5663349917081261,903,calibrated,8
declined,0.245,0.09514563106796116,0.13706293706293707,515,calibrated,8
completed_effective,0.4895155459146782,0.7488938053097345,0.5920419763882816,904,calibrated,9
completed_ineffective,0.2073170731707317,0.06307977736549165,0.09672830725462304,539,calibrated,9
partial,0.1978021978021978,0.03938730853391685,0.06569343065693431,457,calibrated,9
dropped_out,0.45550428477257743,0.7652270210409745,0.5710743801652892,903,calibrated,9
declined,0.25153374233128833,0.07961165048543689,0.12094395280235988,515,calibrated,9
completed_effective,0.27245328511151296,1.0,0.42823306489815255,904,dummy,0
completed_ineffective,0.0,0.0,0.0,539,dummy,0
partial,0.0,0.0,0.0,457,dummy,0
dropped_out,0.0,0.0,0.0,903,dummy,0
declined,0.0,0.0,0.0,515,dummy,0
completed_effective,0.27245328511151296,1.0,0.42823306489815255,904,dummy,1
completed_ineffective,0.0,0.0,0.0,539,dummy,1
partial,0.0,0.0,0.0,457,dummy,1
dropped_out,0.0,0.0,0.0,903,dummy,1
declined,0.0,0.0,0.0,515,dummy,1
completed_effective,0.27245328511151296,1.0,0.42823306489815255,904,dummy,2
completed_ineffective,0.0,0.0,0.0,539,dummy,2
partial,0.0,0.0,0.0,457,dummy,2
dropped_out,0.0,0.0,0.0,903,dummy,2
declined,0.0,0.0,0.0,515,dummy,2
completed_effective,0.27245328511151296,1.0,0.42823306489815255,904,dummy,3
completed_ineffective,0.0,0.0,0.0,539,dummy,3
partial,0.0,0.0,0.0,457,dummy,3
dropped_out,0.0,0.0,0.0,903,dummy,3
declined,0.0,0.0,0.0,515,dummy,3
completed_effective,0.27245328511151296,1.0,0.42823306489815255,904,dummy,4
completed_ineffective,0.0,0.0,0.0,539,dummy,4
partial,0.0,0.0,0.0,457,dummy,4
dropped_out,0.0,0.0,0.0,903,dummy,4
declined,0.0,0.0,0.0,515,dummy,4
completed_effective,0.27245328511151296,1.0,0.42823306489815255,904,dummy,5
completed_ineffective,0.0,0.0,0.0,539,dummy,5
partial,0.0,0.0,0.0,457,dummy,5
dropped_out,0.0,0.0,0.0,903,dummy,5
declined,0.0,0.0,0.0,515,dummy,5
completed_effective,0.27245328511151296,1.0,0.42823306489815255,904,dummy,6
completed_ineffective,0.0,0.0,0.0,539,dummy,6
partial,0.0,0.0,0.0,457,dummy,6
dropped_out,0.0,0.0,0.0,903,dummy,6
declined,0.0,0.0,0.0,515,dummy,6
completed_effective,0.27245328511151296,1.0,0.42823306489815255,904,dummy,7
completed_ineffective,0.0,0.0,0.0,539,dummy,7
partial,0.0,0.0,0.0,457,dummy,7
dropped_out,0.0,0.0,0.0,903,dummy,7
declined,0.0,0.0,0.0,515,dummy,7
completed_effective,0.27245328511151296,1.0,0.42823306489815255,904,dummy,8
completed_ineffective,0.0,0.0,0.0,539,dummy,8
partial,0.0,0.0,0.0,457,dummy,8
dropped_out,0.0,0.0,0.0,903,dummy,8
declined,0.0,0.0,0.0,515,dummy,8
completed_effective,0.27245328511151296,1.0,0.42823306489815255,904,dummy,9
completed_ineffective,0.0,0.0,0.0,539,dummy,9
partial,0.0,0.0,0.0,457,dummy,9
dropped_out,0.0,0.0,0.0,903,dummy,9
declined,0.0,0.0,0.0,515,dummy,9
