arm,repeat,accuracy,macro_f1,balanced_accuracy,log_loss,brier,macro_auc,top_ece,classwise_ece
raw,0,0.4376130198915009,0.2893945300729876,0.33766426255105264,1.4064629142462526,0.6971379697693296,0.6628015413972606,0.0141648539416154,0.01541155249374745
raw,1,0.4409282700421941,0.2978297126133148,0.34291966694558446,1.3964114067423883,0.6930239424612646,0.6714945925297604,0.011787141505962214,0.015308231404288488
raw,2,0.43911995177817964,0.29124103944821883,0.3392514214062587,1.4007231472770285,0.6948340000038841,0.6680272228931221,0.02130570230408087,0.016502041449021326
raw,3,0.4382157926461724,0.29129248820682674,0.338792332822636,1.4000246595740544,0.6948814098063333,0.6694534215998618,0.014034281447457414,0.013613226766840425
raw,4,0.4361060880048222,0.28756866575995665,0.3363079629603499,1.4007092768200549,0.6944273884958285,0.6670197760995522,0.018248415575504596,0.017747411735189227
raw,5,0.42977697408077153,0.2809750887047161,0.3303718946526673,1.4065168724576962,0.696850259701829,0.6639141048424448,0.021328622098357845,0.015133279889247318
raw,6,0.44454490657022305,0.2981078346083009,0.3447901865836218,1.3945951093029023,0.6917608214668021,0.6720463147377524,0.014044031773313094,0.01556556764703608
raw,7,0.43640747438215793,0.2895994602110675,0.33709354410304165,1.399518064627021,0.6944465808597188,0.6687860251551159,0.019471708320200436,0.017328264511501674
raw,8,0.43670886075949367,0.2918751274259448,0.33836942559524985,1.4018082179869713,0.6951171178368277,0.6653011409063843,0.021289016172827375,0.016262929135779924
raw,9,0.4403254972875226,0.2892964094534976,0.3392399125471109,1.397805342818965,0.6935939989192214,0.6685350967369373,0.022749145310603684,0.018587887896504403
calibrated,0,0.4376130198915009,0.2893945300729876,0.33766426255105264,1.4060632246319473,0.697419387374118,0.6621746996923735,0.017953293569291876,0.014573378655929423
calibrated,1,0.4409282700421941,0.2978297126133148,0.34291966694558446,1.3975265216866644,0.6940976393910493,0.6708420133788293,0.023190210646626706,0.015285283561584267
calibrated,2,0.43911995177817964,0.29124103944821883,0.3392514214062587,1.4010066855264733,0.695343208973839,0.6673535186028667,0.021953574644155108,0.016289754082299757
calibrated,3,0.4382157926461724,0.29129248820682674,0.338792332822636,1.4003559364252187,0.6955005298807968,0.6688816638981132,0.021841625764120173,0.015123442775067813
calibrated,4,0.4361060880048222,0.28756866575995665,0.3363079629603499,1.4006696903272473,0.6949321023745686,0.666411380836578,0.023743692299938293,0.019547069781585248
calibrated,5,0.42977697408077153,0.2809750887047161,0.3303718946526673,1.406491080214251,0.6974131448402422,0.663218808646438,0.02390078525421202,0.015141946311744167
calibrated,6,0.44454490657022305,0.2981078346083009,0.3447901865836218,1.3955721191076715,0.6927200771036394,0.6715752627736938,0.029302802105921854,0.018496858739929706
calibrated,7,0.43640747438215793,0.2895994602110675,0.33709354410304165,1.3997408735764743,0.6949539064948145,0.6681529707270185,0.016464391516346488,0.017329140118847453
calibrated,8,0.43670886075949367,0.2918751274259448,0.33836942559524985,1.4018417161366918,0.6955784432643026,0.6647998772745083,0.023127953793784833,0.015778493102382364
calibrated,9,0.4403254972875226,0.2892964094534976,0.3392399125471109,1.3982834183886548,0.6942490306519843,0.6679661107649639,0.022828638325748683,0.017613771161941537
dummy,0,0.27245328511151296,0.08564661297963051,0.2,inf,1.455093429776974,0.5,0.727546714888487,0.2910186859553948
dummy,1,0.27245328511151296,0.08564661297963051,0.2,inf,1.455093429776974,0.5,0.727546714888487,0.2910186859553948
dummy,2,0.27245328511151296,0.08564661297963051,0.2,inf,1.455093429776974,0.5,0.727546714888487,0.2910186859553948
dummy,3,0.27245328511151296,0.08564661297963051,0.2,inf,1.455093429776974,0.5,0.727546714888487,0.2910186859553948
dummy,4,0.27245328511151296,0.08564661297963051,0.2,inf,1.455093429776974,0.5,0.727546714888487,0.2910186859553948
dummy,5,0.27245328511151296,0.08564661297963051,0.2,inf,1.455093429776974,0.5,0.727546714888487,0.2910186859553948
dummy,6,0.27245328511151296,0.08564661297963051,0.2,inf,1.455093429776974,0.5,0.727546714888487,0.2910186859553948
dummy,7,0.27245328511151296,0.08564661297963051,0.2,inf,1.455093429776974,0.5,0.727546714888487,0.2910186859553948
dummy,8,0.27245328511151296,0.08564661297963051,0.2,inf,1.455093429776974,0.5,0.727546714888487,0.2910186859553948
dummy,9,0.27245328511151296,0.08564661297963051,0.2,inf,1.455093429776974,0.5,0.727546714888487,0.2910186859553948
