class_name,bin,n,predicted,observed,arm
top_label,2,6594,0.26853972433423867,0.2549287230815893,raw
top_label,3,9219,0.3466073859304838,0.3426618939147413,raw
top_label,4,6498,0.4478943926180532,0.43413357956294246,raw
top_label,5,5097,0.5472145185229,0.5407102216990386,raw
top_label,6,3595,0.6454541223037742,0.6787204450625869,raw
top_label,7,1841,0.7420432983863838,0.7582835415535035,raw
top_label,8,333,0.8281766290653889,0.8288288288288288,raw
top_label,9,3,0.9103025987690021,1.0,raw
completed_effective,0,7357,0.06826380579684638,0.06021476145167867,raw
completed_effective,1,8452,0.14604450684358827,0.1320397539044013,raw
completed_effective,2,5328,0.246350335494939,0.23385885885885885,raw
completed_effective,3,3660,0.3479822367925384,0.3726775956284153,raw
completed_effective,4,2834,0.4475025810932457,0.4580098800282287,raw
completed_effective,5,2268,0.5483903013565298,0.5370370370370371,raw
completed_effective,6,1872,0.6468208555437931,0.6623931623931624,raw
completed_effective,7,1110,0.7446830085225341,0.7756756756756756,raw
completed_effective,8,296,0.830357624864438,0.847972972972973,raw
completed_effective,9,3,0.9103025987690021,1.0,raw
completed_ineffective,0,4937,0.07992390698232217,0.10674498683410978,raw
completed_ineffective,1,20304,0.14867630940830398,0.15868794326241134,raw
completed_ineffective,2,7123,0.23575130611289966,0.20609293836866488,raw
completed_ineffective,3,782,0.3289103775436801,0.21227621483375958,raw
completed_ineffective,4,34,0.4249555492227376,0.20588235294117646,raw
partial,0,8959,0.07871722861680307,0.10436432637571158,raw
partial,1,20358,0.1411249012685001,0.1405344336378819,raw
partial,2,3520,0.23260526053061623,0.20170454545454544,raw
partial,3,328,0.33009824081859057,0.19207317073170732,raw
partial,4,15,0.4196525423942504,0.06666666666666667,raw
dropped_out,0,7791,0.057254751720035864,0.05121293800539083,raw
dropped_out,1,6951,0.14701751738300373,0.13508847647820457,raw
dropped_out,2,5400,0.24844823016686776,0.25962962962962965,raw
dropped_out,3,4189,0.3482868077142612,0.3599904511816663,raw
dropped_out,4,3532,0.44904258045565093,0.42072480181200456,raw
dropped_out,5,2826,0.5463044433811342,0.5435244161358811,raw
dropped_out,6,1723,0.6439691979710316,0.6964596633778294,raw
dropped_out,7,731,0.7380349834053626,0.7318741450068399,raw
dropped_out,8,37,0.8107286626729961,0.6756756756756757,raw
declined,0,7408,0.07583834162544881,0.08882289416846652,raw
declined,1,18453,0.14714791426230064,0.15515092396900232,raw
declined,2,6370,0.23593460662021806,0.21459968602825746,raw
declined,3,863,0.33484332926410104,0.26767091541135574,raw
declined,4,83,0.42691298114464327,0.3493975903614458,raw
declined,5,3,0.5156134798423446,0.6666666666666666,raw
top_label,2,7567,0.267358578806993,0.2595480375313863,calibrated
top_label,3,9586,0.34627860861524595,0.35541414562904233,calibrated
top_label,4,6705,0.44758409202726485,0.4551826994780015,calibrated
top_label,5,5003,0.5469358099007228,0.5776534079552269,calibrated
top_label,6,3002,0.6447942664536772,0.7271818787475016,calibrated
top_label,7,1202,0.7371620517517311,0.7820299500831946,calibrated
top_label,8,114,0.8265543749009386,0.8333333333333334,calibrated
top_label,9,1,0.9011407995454922,1.0,calibrated
completed_effective,0,6558,0.07214511387734321,0.058249466300701436,calibrated
completed_effective,1,9168,0.14591462703238373,0.12707242582897033,calibrated
completed_effective,2,5752,0.24580094481384934,0.2373087621696801,calibrated
completed_effective,3,3913,0.34765937600369823,0.3841042678251981,calibrated
completed_effective,4,2906,0.4475978830975955,0.4748795595320027,calibrated
completed_effective,5,2320,0.548661419337877,0.565948275862069,calibrated
completed_effective,6,1624,0.6453798271739135,0.7185960591133005,calibrated
completed_effective,7,825,0.740030159954522,0.8121212121212121,calibrated
completed_effective,8,113,0.8267098735039765,0.831858407079646,calibrated
completed_effective,9,1,0.9011407995454922,1.0,calibrated
completed_ineffective,0,3607,0.08284535744672503,0.10313279733850846,calibrated
completed_ineffective,1,21382,0.15036139698165932,0.15583200823122254,calibrated
completed_ineffective,2,7559,0.23472655278389493,0.2047889932530758,calibrated
completed_ineffective,3,610,0.32760813242084863,0.21639344262295082,calibrated
completed_ineffective,4,22,0.4145711295643629,0.2727272727272727,calibrated
partial,0,6921,0.08177250202402611,0.10345325819968212,calibrated
partial,1,22283,0.1422402224350023,0.13754880402100256,calibrated
partial,2,3702,0.23141640926772028,0.20043219881145327,calibrated
partial,3,267,0.3279411841926474,0.17228464419475656,calibrated
partial,4,7,0.4114707533731334,0.14285714285714285,calibrated
dropped_out,0,7194,0.06089937034169523,0.048790658882402,calibrated
dropped_out,1,7508,0.1472895750020192,0.1306606286627597,calibrated
dropped_out,2,5830,0.2482193596115777,0.2646655231560892,calibrated
dropped_out,3,4490,0.3478878997797788,0.366369710467706,calibrated
dropped_out,4,3719,0.4481714380893029,0.4425920946490992,calibrated
dropped_out,5,2683,0.5454436690530905,0.58777487886694,calibrated
dropped_out,6,1378,0.6441041716716278,0.737300435413643,calibrated
dropped_out,7,377,0.7308856876474803,0.7161803713527851,calibrated
dropped_out,8,1,0.8089830327576476,1.0,calibrated
declined,0,5893,0.0789482182313097,0.0841676565416596,calibrated
declined,1,19757,0.1480729160818527,0.15128815103507617,calibrated
declined,2,6737,0.23477317547252105,0.21419029241502152,calibrated
declined,3,742,0.33345999432729945,0.27358490566037735,calibrated
declined,4,51,0.42316569378534813,0.37254901960784315,calibrated
top_label,2,33180,0.27245330312702193,0.27245328511151296,dummy
completed_effective,2,33180,0.27245330312702193,0.27245328511151296,dummy
completed_ineffective,1,33180,0.1624472140902858,0.16244725738396623,dummy
partial,1,33180,0.13773352694000335,0.1377335744424352,dummy
dropped_out,2,33180,0.2721519450817687,0.2721518987341772,dummy
declined,1,33180,0.15521401076092017,0.15521398432790837,dummy
