arm,repeat,slice,group,events,accuracy,macro_f1,balanced_accuracy,log_loss,brier,macro_auc,top_ece,classwise_ece
raw,0,age_cohort,30–39,741,0.4979757085020243,0.31157651121587665,0.3568918613420179,1.3184444887221631,0.6511203644575108,0.6930009947472453,0.042979407760289016,0.02539923536429759
raw,0,age_cohort,40–49,824,0.46359223300970875,0.2980892851576228,0.34414350379476893,1.374561544535185,0.6829266346384004,0.6610923442561485,0.0372767545356269,0.03007260443596324
raw,0,age_cohort,50+,1102,0.37568058076225047,0.24764688502144905,0.2978062464062732,1.4975087330212298,0.7414046597899999,0.6239379523324677,0.05955022871867263,0.03486096597667039
raw,0,age_cohort,<30,594,0.4444444444444444,0.3243392099616592,0.37394277186781627,1.3893099645116114,0.691136945055415,0.6844672706140051,0.028857154023121258,0.03402841544539224
raw,0,age_cohort,missing,57,0.40350877192982454,0.22911564625850342,0.3208333333333333,1.4304057529764664,0.7075222147031911,0.6660526231358681,0.11333715881565291,0.08157581219906587
raw,0,context_domain,external_event,221,0.416289592760181,0.297178979516827,0.33786810776942355,1.388176174793407,0.6954739389125594,0.6682817516229942,0.036534707797559934,0.045679243573215296
raw,0,context_domain,formal_training,2491,0.4355680449618627,0.2812994608808555,0.33274814571858663,1.4120499702511826,0.6992363086955135,0.6571399219338285,0.013693379087427397,0.017476473166295393
raw,0,context_domain,on_the_job,606,0.4537953795379538,0.279783436544523,0.33400481433348006,1.3901659058482307,0.6891194690337233,0.6598021150000084,0.03739681191998695,0.027582380430451144
raw,1,age_cohort,30–39,741,0.4939271255060729,0.3175187357357624,0.35834934155994447,1.29882768278816,0.6420825170158625,0.7102647620247403,0.041236331472773044,0.025437284123860295
raw,1,age_cohort,40–49,824,0.4696601941747573,0.3053742540144898,0.35102117033341645,1.3583609720951701,0.6757570500185524,0.6737478916138817,0.030075369047184428,0.03219680667454185
raw,1,age_cohort,50+,1102,0.37749546279491836,0.2533972655737518,0.30072354300726595,1.4884852831757698,0.7380185291738246,0.6344327841711404,0.05548216562119976,0.02796090734217905
raw,1,age_cohort,<30,594,0.4511784511784512,0.3317797093546193,0.38088624173432795,1.397528508189495,0.69569921618855,0.6767401541846828,0.031887911817386524,0.03300854201401011
raw,1,age_cohort,missing,57,0.45614035087719296,0.2962732919254658,0.3696969696969697,1.4233259244656118,0.7071005824014354,0.6735037883251034,0.10225658946745005,0.08639764984894234
raw,1,context_domain,external_event,221,0.4253393665158371,0.3070603817363538,0.3464755639097744,1.3868405590913022,0.6958440473966658,0.6567176234496224,0.032310226491056575,0.041244929034922946
raw,1,context_domain,formal_training,2491,0.44158972300281013,0.29255604435038485,0.340372267000228,1.4009414013253878,0.6946399456307679,0.6682564343562192,0.014704845388134907,0.015092372023790226
raw,1,context_domain,on_the_job,606,0.4438943894389439,0.28304374470767585,0.331675768330166,1.3812809460569726,0.685352808656057,0.663349094978649,0.02829777530541745,0.028447444750668932
raw,2,age_cohort,30–39,741,0.4925775978407557,0.29529024220206235,0.3475975540982682,1.3136635689684943,0.6473803697143778,0.6953381260208396,0.0517683678868219,0.027353209501609677
raw,2,age_cohort,40–49,824,0.46601941747572817,0.30515604074487324,0.34848980243717076,1.3666478839658491,0.6798420597461662,0.6685627320008566,0.048692935343708575,0.03350577554002844
raw,2,age_cohort,50+,1102,0.3838475499092559,0.2592963056734429,0.30670295034026446,1.4884762936739173,0.7379672792171152,0.6340370685694652,0.04935902107178896,0.027397895274386776
raw,2,age_cohort,<30,594,0.4393939393939394,0.31707550911372584,0.36872216099903615,1.3916233110451164,0.6940697156662154,0.6816996857539519,0.04922907785715558,0.03463397548431073
raw,2,age_cohort,missing,57,0.42105263157894735,0.24773892773892775,0.3390151515151515,1.4233634961791186,0.702511368784202,0.6637154775039187,0.06490293318890995,0.06052850362420016
raw,2,context_domain,external_event,221,0.39819004524886875,0.28999710504549214,0.3310521768130002,1.4128689929800575,0.7121473522487237,0.6543611688083575,0.08791144315498266,0.05508225599955753
raw,2,context_domain,formal_training,2491,0.44199116820553996,0.28958708219692075,0.33930421089209556,1.4038406691172383,0.6958582041104466,0.6650511043681028,0.013665570005503174,0.01794146238184772
raw,2,context_domain,on_the_job,606,0.44224422442244227,0.2744149566834587,0.32735529888828574,1.3834789578309359,0.6843100011993348,0.6623237571914704,0.040360107096852914,0.02855596791491096
raw,3,age_cohort,30–39,741,0.4817813765182186,0.2965623206542617,0.3421103805140092,1.3200967769904128,0.6524131138151208,0.6936193402805466,0.05429739173764364,0.025628892051162828
raw,3,age_cohort,40–49,824,0.46601941747572817,0.30586418881799454,0.3494465676458921,1.3595615696359569,0.6763029747437828,0.6744424286829431,0.0307731188265908,0.029895985063794733
raw,3,age_cohort,50+,1102,0.38656987295825773,0.25571281370844806,0.3073850624606316,1.485066834299286,0.7374509276554887,0.6372393181777828,0.04504800614583581,0.02760595598407265
raw,3,age_cohort,<30,594,0.44107744107744107,0.32374252513382945,0.3718384208125461,1.4022181402858351,0.6968342975978641,0.6740775703583655,0.039508661485404176,0.03574238642098201
raw,3,age_cohort,missing,57,0.43859649122807015,0.2588235294117647,0.3515151515151515,1.3570201510384046,0.6721798975798645,0.7244742238830256,0.14257345603885468,0.10661254181019539
raw,3,context_domain,external_event,221,0.40271493212669685,0.274475874856985,0.32209429824561403,1.3944229060446822,0.7021090073131672,0.673816995629786,0.04066426474904025,0.04327840382257857
raw,3,context_domain,formal_training,2491,0.437173825772782,0.2838101747644838,0.33455160993866484,1.4039392383632987,0.6958777780772094,0.6650134400511144,0.013085583999530012,0.01443989815585405
raw,3,context_domain,on_the_job,606,0.45544554455445546,0.2948715353033907,0.3417076471276093,1.3859764281647868,0.6881499701829624,0.665546787751822,0.018652354527820905,0.026545624528025547
raw,4,age_cohort,30–39,741,0.4885290148448043,0.31163412332251117,0.3521795127694643,1.3175535014911894,0.6502004957699221,0.6916853473411655,0.04181075927649026,0.026093510227998627
raw,4,age_cohort,40–49,824,0.4575242718446602,0.28702714078510766,0.3371728024977819,1.371275927089871,0.6809135227991849,0.6634976259953566,0.03538651756833764,0.029814064233890943
raw,4,age_cohort,50+,1102,0.38475499092558985,0.2534795475192548,0.3052593475578761,1.485142343393419,0.7352652454815831,0.6345399375021726,0.051783153571500214,0.03075051374508402
raw,4,age_cohort,<30,594,0.43602693602693604,0.3123908437878202,0.3655766745426471,1.3918543272849906,0.6941408053201529,0.6821189516771,0.03774176372841669,0.03874433182271219
raw,4,age_cohort,missing,57,0.43859649122807015,0.28536866359447,0.3571969696969697,1.367132265527815,0.6781899297586499,0.7167659511848271,0.16176137788916878,0.08785761595328527
raw,4,context_domain,external_event,221,0.416289592760181,0.2896980352169411,0.3389625778155065,1.3890261387478202,0.6996396545817486,0.6688387893074624,0.05907448859242429,0.04185906419115952
raw,4,context_domain,formal_training,2491,0.4379767161782417,0.28266675415102777,0.33470479706504275,1.4063823569672498,0.6961505734013547,0.6618616574959669,0.01916336552800725,0.019609205326941288
raw,4,context_domain,on_the_job,606,0.43564356435643564,0.28121618282027666,0.3263521650715543,1.381650416865108,0.6854432888181823,0.6626056664195319,0.03260998306042049,0.03303447354651348
raw,5,age_cohort,30–39,741,0.48043184885290147,0.29317193794836666,0.34027596749851996,1.3202240271954695,0.6509581525799617,0.6943820946148633,0.04722512746908501,0.023484952575636358
raw,5,age_cohort,40–49,824,0.4538834951456311,0.28265441946925607,0.33371476747496526,1.3694628356667407,0.6807278411858094,0.6645189122053579,0.03659894104062675,0.03428085644100777
raw,5,age_cohort,50+,1102,0.37840290381125224,0.2470752772376882,0.2987567189968824,1.4969218152789332,0.7403565001824051,0.6287271157852217,0.0523737270675813,0.027901466590800013
raw,5,age_cohort,<30,594,0.4292929292929293,0.31041198704055506,0.36033234056653674,1.3947053613092142,0.6948335532282253,0.6782897389728841,0.024502176033775705,0.036406592319773654
raw,5,age_cohort,missing,57,0.42105263157894735,0.27914893617021275,0.34469696969696967,1.4392417020761532,0.706411152161999,0.6531361267066462,0.10690862117121207,0.08017536784175025
raw,5,context_domain,external_event,221,0.3936651583710407,0.2815194310522639,0.3204338972431078,1.4061682766036072,0.7043752481537573,0.6536978558879107,0.08414804824131901,0.04224484283788693
raw,5,context_domain,formal_training,2491,0.42753914090726614,0.2709837714816338,0.3247044075002738,1.4124106128119505,0.699203813588929,0.6585558153227044,0.023194787558273342,0.017161536926246206
raw,5,context_domain,on_the_job,606,0.4521452145214521,0.28556553704314,0.3353297872306713,1.3824174210737132,0.6844315712849276,0.6635753665840888,0.04847794547005822,0.030135331703546275
raw,6,age_cohort,30–39,741,0.5020242914979757,0.3239172114360751,0.3634257343898112,1.3121313647649488,0.6480131198801002,0.696499451514782,0.050740344694059546,0.028379437100580395
raw,6,age_cohort,40–49,824,0.4720873786407767,0.3004174560975179,0.35049617539702027,1.3565746874254685,0.6741838869471729,0.6766974159449349,0.03415998834152471,0.028568178496935593
raw,6,age_cohort,50+,1102,0.3811252268602541,0.2532048995160224,0.30292581563310556,1.4858987331268558,0.7360321535591939,0.6342379516593123,0.05729609624841007,0.02945090299805899
raw,6,age_cohort,<30,594,0.45286195286195285,0.33664992644974856,0.38330005618007895,1.3798516749223508,0.6881890912521719,0.6899162148318927,0.04092411465167327,0.03642590424218205
raw,6,age_cohort,missing,57,0.43859649122807015,0.2613333333333333,0.35151515151515145,1.4046910548762235,0.6958843425474073,0.6911588900671616,0.08149494908183288,0.06454410351670348
raw,6,context_domain,external_event,221,0.40271493212669685,0.2758840397472858,0.3223684210526316,1.4097186189422721,0.7040581619076762,0.6438717108230995,0.048758623246412364,0.042955658240953154
raw,6,context_domain,formal_training,2491,0.4484142914492172,0.2970399438996225,0.34558675030168295,1.3944706196364753,0.6913069896171646,0.6714103696124183,0.01407159824664267,0.016104068013876722
raw,6,context_domain,on_the_job,606,0.4438943894389439,0.27683344999042947,0.32934177869847575,1.389591492353676,0.6891416513348105,0.6572317595887454,0.023533026564217317,0.031271900812963396
raw,7,age_cohort,30–39,741,0.4925775978407557,0.31313134409298404,0.3552918249555922,1.3118534556196555,0.6473378883955968,0.6966004193037973,0.047297824651550524,0.025925778322775917
raw,7,age_cohort,40–49,824,0.45995145631067963,0.2922003680075385,0.33998235598517934,1.35956218519449,0.675613206659789,0.6763745596474131,0.05310409502957288,0.027990561070978366
raw,7,age_cohort,50+,1102,0.3838475499092559,0.25592650397144173,0.30555207825936825,1.4899184934824434,0.7386090431135073,0.6322616158940055,0.04847543779008263,0.03203960404136243
raw,7,age_cohort,<30,594,0.43434343434343436,0.31624452226974453,0.36604775770688697,1.398740519541371,0.6981458140455092,0.6766062153703887,0.046969306974397856,0.03875807628735736
raw,7,age_cohort,missing,57,0.40350877192982454,0.2611111111111111,0.33690476190476193,1.3771269963650052,0.6867599763092309,0.6985395779743605,0.15230364363238003,0.07627267060130617
raw,7,context_domain,external_event,221,0.42081447963800905,0.2871706309642501,0.3381030701754386,1.3838518695739632,0.6944587266938007,0.673132087609221,0.03152651679184495,0.044154251569233006
raw,7,context_domain,formal_training,2491,0.4355680449618627,0.28372796895784047,0.333504710830444,1.4043748642137948,0.695850180850658,0.6635352151378222,0.020474971235589834,0.020280751246467565
raw,7,context_domain,on_the_job,606,0.44554455445544555,0.27948109255715303,0.3307227717783467,1.3852671427393535,0.6886725679772737,0.6633254036013942,0.033269700612196924,0.03152209843764532
raw,8,age_cohort,30–39,741,0.4939271255060729,0.3184869731901139,0.35834682781085464,1.317505569547279,0.6508990178913112,0.6931373150031226,0.050931510411558134,0.02799253845800172
raw,8,age_cohort,40–49,824,0.4587378640776699,0.28850451550281764,0.3385270260000339,1.363907081832098,0.6773941457158713,0.6712143092967378,0.026096477616461732,0.02203467045435587
raw,8,age_cohort,50+,1102,0.3811252268602541,0.252470255354988,0.3025906964858317,1.4877239956580723,0.7374292890238219,0.6289180070397737,0.04699319815288715,0.032148920001966605
raw,8,age_cohort,<30,594,0.4393939393939394,0.3296417560374331,0.3731867326003457,1.3991966638517799,0.6961105286127669,0.6722741510983463,0.0473649880340527,0.03734139150839858
raw,8,age_cohort,missing,57,0.42105263157894735,0.2590627763041556,0.3390151515151515,1.4118235662006031,0.6977704939477188,0.6755180240010569,0.13185081945324661,0.0786897798835562
raw,8,context_domain,external_event,221,0.4343891402714932,0.3283446429805429,0.35663756164605065,1.3964747023891555,0.7034642307747024,0.6661164170907146,0.06366374332991571,0.03953470533037577
raw,8,context_domain,formal_training,2491,0.4355680449618627,0.28385407884725045,0.3338279903932198,1.405251719136167,0.6961554801431533,0.6618334170570119,0.023305656061842317,0.017798009163055774
raw,8,context_domain,on_the_job,606,0.44224422442244227,0.27459506399196293,0.32747155401373507,1.3895985572352703,0.687804787037608,0.6553507748408922,0.02459898758542572,0.03218590681811954
raw,9,age_cohort,30–39,741,0.4993252361673414,0.31224868505761505,0.35780046116441805,1.3142149789690132,0.6482371463230925,0.6923983601135173,0.04752538845999608,0.02612763469061454
raw,9,age_cohort,40–49,824,0.4587378640776699,0.2901870311591912,0.33908018915257,1.365003236416983,0.6792047322175143,0.6709844398640327,0.029325327759043864,0.03405822544665887
raw,9,age_cohort,50+,1102,0.3874773139745917,0.2538299908217171,0.30718647750300654,1.4852040662813557,0.7364451224687389,0.6339000300913498,0.06335602507049769,0.028362271187082334
raw,9,age_cohort,<30,594,0.4377104377104377,0.31896226327567695,0.3687477413897264,1.3872197905552046,0.6913489010428469,0.6822968179331076,0.03805026639462097,0.04012388269131674
raw,9,age_cohort,missing,57,0.45614035087719296,0.2902544640685058,0.3696969696969697,1.3792758704885457,0.6861875694970541,0.702876157933422,0.16051224100471245,0.08632536456758585
raw,9,context_domain,external_event,221,0.4298642533936652,0.30305397423173414,0.347953805885682,1.3903705453211181,0.6987070654251325,0.6552883540359087,0.07206315265350997,0.04347673636038484
raw,9,context_domain,formal_training,2491,0.4383781613809715,0.28031745970093236,0.3341094307619109,1.4023770360403007,0.6948758930680398,0.6645455323363771,0.029292680428253986,0.019545220344712483
raw,9,context_domain,on_the_job,606,0.4521452145214521,0.2818769562619787,0.3348766434791482,1.3817244887474742,0.6864600285850416,0.6631910912737357,0.01804127377964081,0.026758447629135797
calibrated,0,age_cohort,30–39,741,0.4979757085020243,0.31157651121587665,0.3568918613420179,1.3237248983955798,0.6543307626562049,0.6919828736147032,0.0614791527075364,0.028809765260310826
calibrated,0,age_cohort,40–49,824,0.46359223300970875,0.2980892851576228,0.34414350379476893,1.3750655396604017,0.6835583794700443,0.6606329373661927,0.047385391679982396,0.030151555103336662
calibrated,0,age_cohort,50+,1102,0.37568058076225047,0.24764688502144905,0.2978062464062732,1.4921126419338915,0.7391945912752004,0.6235469981753228,0.044484968279524625,0.03147830212145968
calibrated,0,age_cohort,<30,594,0.4444444444444444,0.3243392099616592,0.37394277186781627,1.3898221951370584,0.691865932117646,0.6835596248044683,0.031445075796701895,0.030627329552657734
calibrated,0,age_cohort,missing,57,0.40350877192982454,0.22911564625850342,0.3208333333333333,1.4301949055253382,0.7081670918001226,0.6642728106699474,0.11885637575557068,0.0744416464854695
calibrated,0,context_domain,external_event,221,0.416289592760181,0.297178979516827,0.33786810776942355,1.3896620417787229,0.6962891362761818,0.6676022453589898,0.03558661237571079,0.046856266022753966
calibrated,0,context_domain,formal_training,2491,0.4355680449618627,0.2812994608808555,0.33274814571858663,1.4112808571137254,0.6993975228770364,0.6564353336939335,0.012660425304017927,0.015134429943941975
calibrated,0,context_domain,on_the_job,606,0.4537953795379538,0.279783436544523,0.33400481433348006,1.3905971172036518,0.6897003278937126,0.6590963089481348,0.04254525584104226,0.026321475240252207
calibrated,1,age_cohort,30–39,741,0.4939271255060729,0.3175187357357624,0.35834934155994447,1.3071024357351948,0.6468084513472915,0.7093518395811049,0.06479817024815662,0.03260652282791052
calibrated,1,age_cohort,40–49,824,0.4696601941747573,0.3053742540144898,0.35102117033341645,1.3615241574602055,0.6779553445727771,0.6732745660887003,0.04685000110063756,0.03165198294570856
calibrated,1,age_cohort,50+,1102,0.37749546279491836,0.2533972655737518,0.30072354300726595,1.4834220266970002,0.7359090540165449,0.6339847919859437,0.04352365082603226,0.02094042593665205
calibrated,1,age_cohort,<30,594,0.4511784511784512,0.3317797093546193,0.38088624173432795,1.3982065025568127,0.6964810166105695,0.6759756013096252,0.04065256504729185,0.03149829004096888
calibrated,1,age_cohort,missing,57,0.45614035087719296,0.2962732919254658,0.3696969696969697,1.4257623226407576,0.709021047899643,0.6680222428292418,0.12343466971604347,0.07670065092069793
calibrated,1,context_domain,external_event,221,0.4253393665158371,0.3070603817363538,0.3464755639097744,1.38899188891952,0.6970364136099811,0.6564240918051356,0.039352572411203074,0.04280195595157728
calibrated,1,context_domain,formal_training,2491,0.44158972300281013,0.29255604435038485,0.340372267000228,1.4017177725593681,0.6956324879577042,0.6675862091584338,0.024464509770085834,0.014603591809891441
calibrated,1,context_domain,on_the_job,606,0.4438943894389439,0.28304374470767585,0.331675768330166,1.3834105941580077,0.6867168194538853,0.662457650259985,0.036326910458992674,0.03309868133058189
calibrated,2,age_cohort,30–39,741,0.4925775978407557,0.29529024220206235,0.3475975540982682,1.3199180446755152,0.6513186458278049,0.6936759505590399,0.07261730493714141,0.03248964356772479
calibrated,2,age_cohort,40–49,824,0.46601941747572817,0.30515604074487324,0.34848980243717076,1.3675744733851831,0.6805190157535624,0.6689982813622141,0.04129141446761948,0.030806198102982463
calibrated,2,age_cohort,50+,1102,0.3838475499092559,0.2592963056734429,0.30670295034026446,1.483709529210387,0.7358548406408936,0.6335609388048479,0.035101451042647905,0.023167405280646352
calibrated,2,age_cohort,<30,594,0.4393939393939394,0.31707550911372584,0.36872216099903615,1.3928346409818155,0.6948319196649496,0.6808311408484343,0.05769933724659679,0.03420453424998988
calibrated,2,age_cohort,missing,57,0.42105263157894735,0.24773892773892775,0.3390151515151515,1.4246994292955448,0.7040664415546436,0.6616963137408525,0.06286528001540931,0.05989656646120671
calibrated,2,context_domain,external_event,221,0.39819004524886875,0.28999710504549214,0.3310521768130002,1.4137620694457846,0.7118521762077464,0.6536665463508531,0.06907139266871445,0.051346250418950065
calibrated,2,context_domain,formal_training,2491,0.44199116820553996,0.28958708219692075,0.33930421089209556,1.4039613738903267,0.6963742748142164,0.6643301606713575,0.020999365841232603,0.018560710533461904
calibrated,2,context_domain,on_the_job,606,0.44224422442244227,0.2744149566834587,0.32735529888828574,1.3842095426873215,0.6850843529225631,0.6612636175916158,0.045954502537003096,0.030256777115855265
calibrated,3,age_cohort,30–39,741,0.4817813765182186,0.2965623206542617,0.3421103805140092,1.3257745725163825,0.6558199671592951,0.6923061658091327,0.07163278117071768,0.027964843017987757
calibrated,3,age_cohort,40–49,824,0.46601941747572817,0.30586418881799454,0.3494465676458921,1.3613276912726666,0.6774919096548649,0.6744738418117259,0.040360188607795354,0.031317990721550594
calibrated,3,age_cohort,50+,1102,0.38656987295825773,0.25571281370844806,0.3073850624606316,1.4807830504655748,0.7356837032526652,0.6367740049190367,0.037768322057543734,0.02238395868478921
calibrated,3,age_cohort,<30,594,0.44107744107744107,0.32374252513382945,0.3718384208125461,1.4020771033133508,0.6974287733626267,0.6728854280805315,0.03222743052698125,0.03452194804278281
calibrated,3,age_cohort,missing,57,0.43859649122807015,0.2588235294117647,0.3515151515151515,1.3612508813046404,0.6747139747719364,0.7248783356975297,0.17079277461066827,0.1086795680248023
calibrated,3,context_domain,external_event,221,0.40271493212669685,0.274475874856985,0.32209429824561403,1.3956832626186566,0.7024730701538048,0.6741452307302579,0.03390547199001148,0.03880777458383386
calibrated,3,context_domain,formal_training,2491,0.437173825772782,0.2838101747644838,0.33455160993866484,1.4039895343651985,0.696417852777339,0.664272591728916,0.020016134776215475,0.01606111628462216
calibrated,3,context_domain,on_the_job,606,0.45544554455445546,0.2948715353033907,0.3417076471276093,1.387123871149245,0.6891870270167353,0.6653423718256837,0.03677119495516557,0.026981506970795387
calibrated,4,age_cohort,30–39,741,0.4885290148448043,0.31163412332251117,0.3521795127694643,1.322226293183208,0.6531203638505153,0.6910588662255779,0.05918925396596038,0.028934408928625838
calibrated,4,age_cohort,40–49,824,0.4575242718446602,0.28702714078510766,0.3371728024977819,1.371769924744207,0.681569510943315,0.6632842427596699,0.030902804258206535,0.02994699506117149
calibrated,4,age_cohort,50+,1102,0.38475499092558985,0.2534795475192548,0.3052593475578761,1.4810528410397172,0.7338342688828285,0.6337214852632655,0.04955969185683566,0.028029213478874538
calibrated,4,age_cohort,<30,594,0.43602693602693604,0.3123908437878202,0.3655766745426471,1.3922829738254097,0.6947434190695151,0.6811950351399847,0.031580896841279966,0.03570745499205168
calibrated,4,age_cohort,missing,57,0.43859649122807015,0.28536866359447,0.3571969696969697,1.3715370875396582,0.6815139265285309,0.7129692876347171,0.137347528860707,0.07968268122736366
calibrated,4,context_domain,external_event,221,0.416289592760181,0.2896980352169411,0.3389625778155065,1.3898243080689927,0.6997656149204137,0.6692020969555219,0.03288356872077402,0.04239157876372092
calibrated,4,context_domain,formal_training,2491,0.4379767161782417,0.28266675415102777,0.33470479706504275,1.4060154810482115,0.696610031606917,0.6611702666874115,0.022021995085825374,0.020343995847844257
calibrated,4,context_domain,on_the_job,606,0.43564356435643564,0.28121618282027666,0.3263521650715543,1.3826506553324485,0.6862721551956719,0.6616422241145535,0.0417432036627426,0.037152575018154124
calibrated,5,age_cohort,30–39,741,0.48043184885290147,0.29317193794836666,0.34027596749851996,1.3261582067570772,0.654684899718768,0.6932587132425297,0.05759932975852097,0.028493216255700848
calibrated,5,age_cohort,40–49,824,0.4538834951456311,0.28265441946925607,0.33371476747496526,1.3705624246672083,0.6816253153039407,0.6642898812607414,0.041973362490488386,0.03292948512858271
calibrated,5,age_cohort,50+,1102,0.37840290381125224,0.2470752772376882,0.2987567189968824,1.491163593295191,0.7382354146001658,0.6282394895727161,0.03857300051767293,0.021186994901953384
calibrated,5,age_cohort,<30,594,0.4292929292929293,0.31041198704055506,0.36033234056653674,1.396439113160323,0.6959359185545245,0.6769037515010659,0.02641806540954961,0.03169303049543907
calibrated,5,age_cohort,missing,57,0.42105263157894735,0.27914893617021275,0.34469696969696967,1.4379582805189204,0.7072751152122667,0.6510265840753645,0.10980752167798118,0.08593121506642737
calibrated,5,context_domain,external_event,221,0.3936651583710407,0.2815194310522639,0.3204338972431078,1.4059944770991737,0.7042795356128424,0.6532862097521789,0.06136843312824536,0.044793870363157504
calibrated,5,context_domain,formal_training,2491,0.42753914090726614,0.2709837714816338,0.3247044075002738,1.4120568382261516,0.6996157296571116,0.6578125408081269,0.02406299181627418,0.015322058058372981
calibrated,5,context_domain,on_the_job,606,0.4521452145214521,0.28556553704314,0.3353297872306713,1.3837937965191813,0.6858552056660397,0.6625764775732215,0.05434935628942175,0.029679253189371268
calibrated,6,age_cohort,30–39,741,0.5020242914979757,0.3239172114360751,0.3634257343898112,1.31919435240532,0.6523182339672275,0.695714416181747,0.07245165645566487,0.033936297332023906
calibrated,6,age_cohort,40–49,824,0.4720873786407767,0.3004174560975179,0.35049617539702027,1.3595227955825897,0.6760461157985723,0.6758746525483083,0.05013761266198419,0.030482560373982635
calibrated,6,age_cohort,50+,1102,0.3811252268602541,0.2532048995160224,0.30292581563310556,1.4810425226327804,0.7340076294920842,0.6340818172486633,0.0482469932136412,0.023142792558239738
calibrated,6,age_cohort,<30,594,0.45286195286195285,0.33664992644974856,0.38330005618007895,1.3810223796494068,0.6890823148204261,0.6899804364341473,0.046207027662214475,0.03451598980681776
calibrated,6,age_cohort,missing,57,0.43859649122807015,0.2613333333333333,0.35151515151515145,1.408812965855904,0.6986684620794035,0.6872109069791996,0.12089686118630612,0.07543995563297949
calibrated,6,context_domain,external_event,221,0.40271493212669685,0.2758840397472858,0.3223684210526316,1.4088714485833855,0.7039043966799424,0.6430239858402622,0.07409147837166573,0.049295603411250756
calibrated,6,context_domain,formal_training,2491,0.4484142914492172,0.2970399438996225,0.34558675030168295,1.3956559969611366,0.6924418408998249,0.6708125057926813,0.02998620279370604,0.018700544113792527
calibrated,6,context_domain,on_the_job,606,0.4438943894389439,0.27683344999042947,0.32934177869847575,1.3903772485678787,0.6897850139969373,0.6571387146081473,0.03684530273326598,0.02911224560314808
calibrated,7,age_cohort,30–39,741,0.4925775978407557,0.31313134409298404,0.3552918249555922,1.3171758788893282,0.6505693361612838,0.6961159275656545,0.06388959070645096,0.02905514246929507
calibrated,7,age_cohort,40–49,824,0.45995145631067963,0.2922003680075385,0.33998235598517934,1.3613657522012856,0.6768778512168684,0.6761057269363324,0.03967015577997621,0.026493253046349856
calibrated,7,age_cohort,50+,1102,0.3838475499092559,0.25592650397144173,0.30555207825936825,1.4854758783545006,0.7368163534080715,0.6314562115740908,0.03793987194913359,0.02645841907729938
calibrated,7,age_cohort,<30,594,0.43434343434343436,0.31624452226974453,0.36604775770688697,1.3989303846860397,0.6984601580863035,0.6756272157522508,0.039494237850508915,0.040047774220718924
calibrated,7,age_cohort,missing,57,0.40350877192982454,0.2611111111111111,0.33690476190476193,1.3787446667670644,0.6873838402214746,0.6967777925699453,0.13299609613028884,0.07961680103702035
calibrated,7,context_domain,external_event,221,0.42081447963800905,0.2871706309642501,0.3381030701754386,1.3858664250150825,0.6952711284760851,0.6729218158691056,0.036393433438885806,0.042679731275529875
calibrated,7,context_domain,formal_training,2491,0.4355680449618627,0.28372796895784047,0.333504710830444,1.4042450326642038,0.6962742876962408,0.6628363553970861,0.014624051098841446,0.01931780228422434
calibrated,7,context_domain,on_the_job,606,0.44554455445544555,0.27948109255715303,0.3307227717783467,1.386286076290226,0.6894107123848907,0.663047693947728,0.027497973813759093,0.0284837175505544
calibrated,8,age_cohort,30–39,741,0.4939271255060729,0.3184869731901139,0.35834682781085464,1.322783611906742,0.6541003063296674,0.6929141048646386,0.05936330391371115,0.02900870899992003
calibrated,8,age_cohort,40–49,824,0.4587378640776699,0.28850451550281764,0.3385270260000339,1.3660493381938401,0.6788455182790262,0.6708565556471928,0.05312481319277918,0.027998468835393215
calibrated,8,age_cohort,50+,1102,0.3811252268602541,0.252470255354988,0.3025906964858317,1.482466502503714,0.7351802626840528,0.6286053713664759,0.03930623898140303,0.027795237595534383
calibrated,8,age_cohort,<30,594,0.4393939393939394,0.3296417560374331,0.3731867326003457,1.3994895874211308,0.6967119974029173,0.6714803173882465,0.051212809171800426,0.0348956760894069
calibrated,8,age_cohort,missing,57,0.42105263157894735,0.2590627763041556,0.3390151515151515,1.4127824975382048,0.6992397326946697,0.676039679479234,0.1282619476652795,0.06545790861075225
calibrated,8,context_domain,external_event,221,0.4343891402714932,0.3283446429805429,0.35663756164605065,1.3977135728481394,0.7037090634735605,0.6663077653612027,0.052536712783299404,0.03539795051101291
calibrated,8,context_domain,formal_training,2491,0.4355680449618627,0.28385407884725045,0.3338279903932198,1.405141737935208,0.6966122330106378,0.6611667396437602,0.023160408134387755,0.016832726409982835
calibrated,8,context_domain,on_the_job,606,0.44224422442244227,0.27459506399196293,0.32747155401373507,1.38978225304538,0.6883638602207934,0.6552205760966368,0.039419338692728456,0.036209644236994125
calibrated,9,age_cohort,30–39,741,0.4993252361673414,0.31224868505761505,0.35780046116441805,1.3199949371061437,0.6517538988792486,0.6914208024641689,0.06554000920060833,0.02919999317148917
calibrated,9,age_cohort,40–49,824,0.4587378640776699,0.2901870311591912,0.33908018915257,1.3670510954814759,0.6804124470619929,0.6704358114182225,0.03181052524310197,0.038460785430156644
calibrated,9,age_cohort,50+,1102,0.3874773139745917,0.2538299908217171,0.30718647750300654,1.480239368586964,0.734403396986864,0.6337803809287199,0.05400001060314577,0.021946344392063583
calibrated,9,age_cohort,<30,594,0.4377104377104377,0.31896226327567695,0.3687477413897264,1.3885679262588635,0.6924549608071379,0.6814690517369505,0.035715933705289825,0.03709115041244136
calibrated,9,age_cohort,missing,57,0.45614035087719296,0.2902544640685058,0.3696969696969697,1.3842964694836586,0.6890876851879678,0.702501201481053,0.1775865860155514,0.08209360242385919
calibrated,9,context_domain,external_event,221,0.4298642533936652,0.30305397423173414,0.347953805885682,1.3919807491865346,0.6991508920175753,0.6546842581557551,0.04790187096237944,0.035548191075986064
calibrated,9,context_domain,formal_training,2491,0.4383781613809715,0.28031745970093236,0.3341094307619109,1.4024764763597657,0.6954389149729804,0.663894673710576,0.02425364858116946,0.01666064186997667
calibrated,9,context_domain,on_the_job,606,0.4521452145214521,0.2818769562619787,0.3348766434791482,1.3833460957609833,0.6875702959896128,0.6628769413183435,0.029592207826081438,0.0303614842656852
dummy,0,age_cohort,30–39,741,0.29284750337381915,0.0906054279749478,0.2,1.5412834860426534,0.7718400011996586,0.5039169855151979,0.02039793952769975,0.020182129898922502
dummy,0,age_cohort,40–49,824,0.25606796116504854,0.08154589371980676,0.2,1.5507996930076124,0.7762153604368877,0.503224094751783,0.016392326898166998,0.015964903281261218
dummy,0,age_cohort,50+,1102,0.28402903811252267,0.08848056537102474,0.2,1.5789317103990606,0.7875291621859198,0.4933174977545226,0.011574768903097166,0.013034226035582113
dummy,0,age_cohort,<30,594,0.2542087542087542,0.0810738255033557,0.2,1.590705018961704,0.7927186607429398,0.4990655263384375,0.018237861079068662,0.019063030610565003
dummy,0,age_cohort,missing,57,0.21052631578947367,0.06956521739130435,0.2,1.592779843380175,0.7938067010047418,0.4769897237792254,0.061930596141962724,0.0307448964203517
dummy,0,context_domain,external_event,221,0.2579185520361991,0.08201438848920864,0.2,1.6009566441002856,0.7973848042720559,0.4353389852248659,0.014505622313397137,0.05375263000055539
dummy,0,context_domain,formal_training,2491,0.27338418305901246,0.08587641866330391,0.2,1.5657213406351305,0.7820572023915676,0.5069175380662443,0.0009287741276913785,0.0037404929047383517
dummy,0,context_domain,on_the_job,606,0.2739273927392739,0.08601036269430051,0.2,1.5537569464080734,0.7775369111466723,0.4897833970893134,0.001471656559854706,0.017506444286687035
dummy,1,age_cohort,30–39,741,0.29284750337381915,0.0906054279749478,0.2,1.5412961646664645,0.7718449131666953,0.49658439154545164,0.02039150116702254,0.020183079459925472
dummy,1,age_cohort,40–49,824,0.25606796116504854,0.08154589371980676,0.2,1.5508267520729329,0.7762297799945763,0.49605843975977004,0.016388934150780965,0.01596503782688575
dummy,1,age_cohort,50+,1102,0.28402903811252267,0.08848056537102474,0.2,1.5789184057770627,0.7875245032723378,0.4995441719647825,0.011578869558731497,0.013037109140854375
dummy,1,age_cohort,<30,594,0.2542087542087542,0.0810738255033557,0.2,1.5906732247513844,0.792700172737895,0.5099796022346157,0.018244755762654996,0.019063478150979928
dummy,1,age_cohort,missing,57,0.21052631578947367,0.06956521739130435,0.2,1.5928124034556754,0.7938131177405439,0.4823851837059684,0.06189511190146452,0.030748759551670595
dummy,1,context_domain,external_event,221,0.2579185520361991,0.08201438848920864,0.2,1.6008087224275385,0.7973360500761927,0.5102371600636528,0.014537514476581914,0.05375157172323323
dummy,1,context_domain,formal_training,2491,0.27338418305901246,0.08587641866330391,0.2,1.5657489033256742,0.78206778544374,0.495377351931756,0.0009313876573854296,0.003740385455703971
dummy,1,context_domain,on_the_job,606,0.2739273927392739,0.08601036269430051,0.2,1.5536975933181931,0.7775108113671515,0.5103920438770011,0.0014733211577876437,0.017510191365016692
dummy,2,age_cohort,30–39,741,0.29284750337381915,0.0906054279749478,0.2,1.5412568778049132,0.7718261077907136,0.5203111076123402,0.02039484550631948,0.020180455469326508
dummy,2,age_cohort,40–49,824,0.25606796116504854,0.08154589371980676,0.2,1.5508398871193934,0.7762337559687204,0.49165471007169703,0.01638015010579502,0.015963328277642
dummy,2,age_cohort,50+,1102,0.28402903811252267,0.08848056537102474,0.2,1.5789023623273244,0.7875148787522067,0.49888387485247654,0.011578560483499978,0.013032983707688978
dummy,2,age_cohort,<30,594,0.2542087542087542,0.0810738255033557,0.2,1.5907381159010403,0.7927360464783945,0.4848913048891784,0.018255678835594424,0.0190665128821087
dummy,2,age_cohort,missing,57,0.21052631578947367,0.06956521739130435,0.2,1.5927671898564069,0.7938163556519345,0.4899755596412542,0.06195402739282784,0.030762930341961058
dummy,2,context_domain,external_event,221,0.2579185520361991,0.08201438848920864,0.2,1.6007959340590767,0.7973240858273157,0.5139876692461961,0.014554121339342085,0.053750513445911044
dummy,2,context_domain,formal_training,2491,0.27338418305901246,0.08587641866330391,0.2,1.5657352981992902,0.7820641166799845,0.5003826911526504,0.0009356064847685365,0.0037407633162424734
dummy,2,context_domain,on_the_job,606,0.2739273927392739,0.08601036269430051,0.2,1.5537581817658042,0.7775306327371689,0.4878597100839153,0.0014612586774368497,0.01750841660573484
dummy,3,age_cohort,30–39,741,0.29284750337381915,0.0906054279749478,0.2,1.5413057756669324,0.771850049465425,0.4951765219684862,0.020398634174282615,0.020184347252183543
dummy,3,age_cohort,40–49,824,0.25606796116504854,0.08154589371980676,0.2,1.5508204468811375,0.7762282047397788,0.5085389295228984,0.016390081370961596,0.015969706690951834
dummy,3,age_cohort,50+,1102,0.28402903811252267,0.08848056537102474,0.2,1.5789137494765344,0.7875180370031657,0.4930686144593482,0.011572128241587765,0.013037606545926972
dummy,3,age_cohort,<30,594,0.2542087542087542,0.0810738255033557,0.2,1.5906752933526267,0.7927052726156317,0.509453037022668,0.01823746184778885,0.019063385642092118
dummy,3,age_cohort,missing,57,0.21052631578947367,0.06956521739130435,0.2,1.5928470739949143,0.7938449997503696,0.453464668907935,0.061925195824979795,0.030762795894235317
dummy,3,context_domain,external_event,221,0.2579185520361991,0.08201438848920864,0.2,1.6008370924011053,0.7973488465921476,0.4976138709014831,0.014533662167324823,0.053750513445911065
dummy,3,context_domain,formal_training,2491,0.27338418305901246,0.08587641866330391,0.2,1.5657353706366544,0.7820633785788623,0.500365870919962,0.0009311929273750907,0.0037414613361624826
dummy,3,context_domain,on_the_job,606,0.2739273927392739,0.08601036269430051,0.2,1.5537428741171868,0.7775246368310098,0.4926022662299231,0.0014719396913827065,0.017511315460413245
dummy,4,age_cohort,30–39,741,0.29284750337381915,0.0906054279749478,0.2,1.5413294283741514,0.7718569929052855,0.48165168191092605,0.02039798491817124,0.0201832948061118
dummy,4,age_cohort,40–49,824,0.25606796116504854,0.08154589371980676,0.2,1.5508467597228341,0.7762357086115707,0.49186166112973495,0.01639066316194948,0.015964505775755013
dummy,4,age_cohort,50+,1102,0.28402903811252267,0.08848056537102474,0.2,1.578881927611319,0.7875084530684759,0.5079235203120798,0.0115796472692829,0.013034327000157752
dummy,4,age_cohort,<30,594,0.2542087542087542,0.0810738255033557,0.2,1.5906605985705111,0.7927009317920057,0.5156054568554364,0.01824575897758257,0.019063573718012806
dummy,4,age_cohort,missing,57,0.21052631578947367,0.06956521739130435,0.2,1.5929275644937935,0.7938767833638598,0.4423094753524234,0.061967248085856574,0.030747065510326594
dummy,4,context_domain,external_event,221,0.2579185520361991,0.08201438848920864,0.2,1.6008602036914725,0.7973604554663534,0.4983957130391409,0.014543899459236287,0.05375167755096544
dummy,4,context_domain,formal_training,2491,0.27338418305901246,0.08587641866330391,0.2,1.5657380119163162,0.7820643738393794,0.49962646565822866,0.0009327345874334815,0.003740369093369572
dummy,4,context_domain,on_the_job,606,0.2739273927392739,0.08601036269430051,0.2,1.553723588601001,0.7775163121525485,0.4971745562279796,0.0014693360054205407,0.01750930033206575
dummy,5,age_cohort,30–39,741,0.29284750337381915,0.0906054279749478,0.2,1.5412947983164582,0.7718460774994835,0.5022721651322382,0.02039819846406038,0.020182474177030413
dummy,5,age_cohort,40–49,824,0.25606796116504854,0.08154589371980676,0.2,1.5507784615801992,0.7762081675409689,0.5170534252053491,0.01638697659116939,0.015965043131551955
dummy,5,age_cohort,50+,1102,0.28402903811252267,0.08848056537102474,0.2,1.5789198735621168,0.7875249577497441,0.4919772875467582,0.011570073921548851,0.013033518871452366
dummy,5,age_cohort,<30,594,0.2542087542087542,0.0810738255033557,0.2,1.590733518407563,0.7927230738354472,0.49070846813704116,0.018235760515686206,0.019062338609680003
dummy,5,age_cohort,missing,57,0.21052631578947367,0.06956521739130435,0.2,1.5928715596042191,0.7938637158922139,0.4284374945485762,0.0619341664760123,0.03074969769802336
dummy,5,context_domain,external_event,221,0.2579185520361991,0.08201438848920864,0.2,1.600811000510524,0.7973401602908022,0.5032354332672156,0.014532248776313872,0.0537519950341621
dummy,5,context_domain,formal_training,2491,0.27338418305901246,0.08587641866330391,0.2,1.565742742401028,0.7820661153174734,0.4989399919229564,0.000929737465826197,0.003740713499998727
dummy,5,context_domain,on_the_job,606,0.2739273927392739,0.08601036269430051,0.2,1.5537220873890742,0.777516247368171,0.5010827368441653,0.001478184041310393,0.01750957451766788
dummy,6,age_cohort,30–39,741,0.29284750337381915,0.0906054279749478,0.2,1.5412866970011996,0.7718415491197149,0.5002539354871187,0.020397507839418016,0.020182682398636388
dummy,6,age_cohort,40–49,824,0.25606796116504854,0.08154589371980676,0.2,1.5507800909511853,0.7762102024910106,0.5202482441432312,0.016392589375806232,0.015971101198136727
dummy,6,age_cohort,50+,1102,0.28402903811252267,0.08848056537102474,0.2,1.578927497372127,0.7875260371734656,0.49102124902219907,0.011579271485313847,0.013035593126843697
dummy,6,age_cohort,<30,594,0.2542087542087542,0.0810738255033557,0.2,1.590734580884403,0.7927266229758221,0.48869010713059946,0.018244694599753974,0.019064310730970292
dummy,6,age_cohort,missing,57,0.21052631578947367,0.06956521739130435,0.2,1.592794856499656,0.7938385716446554,0.48294985723008,0.06192876615902937,0.0307437999244553
dummy,6,context_domain,external_event,221,0.2579185520361991,0.08201438848920864,0.2,1.6008997711223405,0.7973610501201167,0.4602249170304386,0.014533947285729543,0.053750830929107686
dummy,6,context_domain,formal_training,2491,0.27338418305901246,0.08587641866330391,0.2,1.5657277559275369,0.7820612815489149,0.504155598382283,0.0009301915889720069,0.003739885242277785
dummy,6,context_domain,on_the_job,606,0.2739273927392739,0.08601036269430051,0.2,1.5537513167624326,0.777528805168237,0.4866177814887201,0.0014769367637933462,0.01751095565621174
dummy,7,age_cohort,30–39,741,0.29284750337381915,0.0906054279749478,0.2,1.5413285347960246,0.7718601865018659,0.48489819087249914,0.020396258165044368,0.020181029572606573
dummy,7,age_cohort,40–49,824,0.25606796116504854,0.08154589371980676,0.2,1.5508291002114787,0.7762285278442008,0.5017754778376754,0.016387933325609172,0.01596744008286522
dummy,7,age_cohort,50+,1102,0.28402903811252267,0.08848056537102474,0.2,1.5788907138670376,0.7875109276454,0.5062315170031286,0.011578495964045366,0.013035617698324614
dummy,7,age_cohort,<30,594,0.2542087542087542,0.0810738255033557,0.2,1.5906748224680063,0.7927051593579472,0.5059508072617611,0.018247983061355055,0.01906214135932416
dummy,7,age_cohort,missing,57,0.21052631578947367,0.06956521739130435,0.2,1.592876373789153,0.7938431619356708,0.4554612836693961,0.061930566264690345,0.03075282883616894
dummy,7,context_domain,external_event,221,0.2579185520361991,0.08201438848920864,0.2,1.6007354967924399,0.7972954768360618,0.539992036192726,0.014544331631953455,0.053751571723233235
dummy,7,context_domain,formal_training,2491,0.27338418305901246,0.08587641866330391,0.2,1.565749921498749,0.7820702057432494,0.4963377579711182,0.0009289950078113506,0.00374129055714581
dummy,7,context_domain,on_the_job,606,0.2739273927392739,0.08601036269430051,0.2,1.5537201124538822,0.777515659089909,0.5000024730833401,0.0014856424142663527,0.017514558194608378
dummy,8,age_cohort,30–39,741,0.29284750337381915,0.0906054279749478,0.2,1.54125738312099,0.7718285295403837,0.5133584945527208,0.020391914852332438,0.0201813620530223
dummy,8,age_cohort,40–49,824,0.25606796116504854,0.08154589371980676,0.2,1.5508195233980748,0.7762216600996289,0.4936142514738859,0.016385978866127193,0.01596443901963101
dummy,8,age_cohort,50+,1102,0.28402903811252267,0.08848056537102474,0.2,1.5789117555387722,0.7875214022380554,0.4990760022179036,0.011575604951598428,0.013034735340051128
dummy,8,age_cohort,<30,594,0.2542087542087542,0.0810738255033557,0.2,1.5907624636491782,0.7927443174855234,0.48117892209425095,0.01824291036325032,0.01906214135932415
dummy,8,age_cohort,missing,57,0.21052631578947367,0.06956521739130435,0.2,1.5926196703080617,0.7937474067120637,0.5536805255249051,0.06189932708664303,0.030735397439552614
dummy,8,context_domain,external_event,221,0.2579185520361991,0.08201438848920864,0.2,1.6008677199623564,0.797356957934659,0.4785433416063107,0.014519072966789337,0.053750725101375484
dummy,8,context_domain,formal_training,2491,0.27338418305901246,0.08587641866330391,0.2,1.5657305669328134,0.7820618493065077,0.5018809772495206,0.0009321150178423498,0.0037411752915644967
dummy,8,context_domain,on_the_job,606,0.2739273927392739,0.08601036269430051,0.2,1.5537514505779642,0.7775279637306503,0.49359755645963954,0.0014636059291367465,0.017506444286687038
dummy,9,age_cohort,30–39,741,0.29284750337381915,0.0906054279749478,0.2,1.5412636748912052,0.7718347819927486,0.5125321035913294,0.02038969416660641,0.02018351727687847
dummy,9,age_cohort,40–49,824,0.25606796116504854,0.08154589371980676,0.2,1.5508420509684853,0.7762333864931725,0.48909652435798046,0.016390010756898554,0.01596581781949257
dummy,9,age_cohort,50+,1102,0.28402903811252267,0.08848056537102474,0.2,1.5789425115826219,0.7875304998271102,0.4889502597892254,0.011577751092737398,0.013037146538957389
dummy,9,age_cohort,<30,594,0.2542087542087542,0.0810738255033557,0.2,1.5906629902147313,0.7927001828433097,0.5162956859768488,0.018235819528328978,0.019066972368402733
dummy,9,age_cohort,missing,57,0.21052631578947367,0.06956521739130435,0.2,1.592654216623702,0.7937766482506443,0.5111129420243948,0.061927558619270684,0.030741777233115098
dummy,9,context_domain,external_event,221,0.2579185520361991,0.08201438848920864,0.2,1.6008499821028972,0.79735781386613,0.4787430042908521,0.014542010228725477,0.0537521008618943
dummy,9,context_domain,formal_training,2491,0.27338418305901246,0.08587641866330391,0.2,1.5657334434410015,0.7820618960275161,0.5032977276791812,0.0009318131236571991,0.003740176984067389
dummy,9,context_domain,on_the_job,606,0.2739273927392739,0.08601036269430051,0.2,1.553746095272757,0.7775270832124282,0.4927327669670027,0.0014732117926731236,0.017514062655887747
