repeat,fold,temperature,fit_events,validation_events
0,0,1.0990486559828256,2654,664
0,1,1.0507973970989712,2654,664
0,2,1.0630309476341535,2655,663
0,3,1.0728787168649327,2655,663
0,4,1.094684278383554,2654,664
1,0,1.111536121007042,2654,664
1,1,1.1385253539619973,2654,664
1,2,1.1023896976254093,2654,664
1,3,1.064558640964231,2655,663
1,4,1.0789576160784435,2655,663
2,0,1.0602072230310953,2654,664
2,1,1.0903031778717944,2654,664
2,2,1.1026246304634642,2655,663
2,3,1.1144450271091053,2654,664
2,4,1.055689319200636,2655,663
3,0,1.1028626578979406,2654,664
3,1,1.0967289351477612,2654,664
3,2,1.070225439651534,2654,664
3,3,1.0761329200113778,2655,663
3,4,1.0679473296683153,2655,663
4,0,1.0798417699896552,2654,664
4,1,1.0801709778921575,2655,663
4,2,1.0461838322087622,2654,664
4,3,1.0971740633379101,2654,664
4,4,1.086302186509633,2655,663
5,0,1.05141229903684,2654,664
5,1,1.0848567222374734,2655,663
5,2,1.0754252918861589,2654,664
5,3,1.1125065521184025,2654,664
5,4,1.1031751869744775,2655,663
6,0,1.0556580431270517,2655,663
6,1,1.1297322942171821,2654,664
6,2,1.0953927226302669,2654,664
6,3,1.0801997262688148,2655,663
6,4,1.0628580672260055,2654,664
7,0,1.0822086835314046,2654,664
7,1,1.068058812855126,2655,663
7,2,1.0874138685394914,2654,664
7,3,1.0493770935497428,2654,664
7,4,1.0877853099999297,2655,663
8,0,1.0857467297417678,2654,664
8,1,1.0911764294751947,2654,664
8,2,1.0863952198030649,2654,664
8,3,1.057099799423139,2655,663
8,4,1.0892287354418995,2655,663
9,0,1.093574318156701,2654,664
9,1,1.0802354539537136,2654,664
9,2,1.0921310510813418,2654,664
9,3,1.0823756993649891,2655,663
9,4,1.097638785553914,2655,663
