class_name,bin,events,people,supported,predicted,observed,lower,upper
top_label,2,766,711,True,0.2681947467672448,0.2245430809399478,0.19417929292929292,0.25403114705001495
top_label,3,972,893,True,0.34637978778173206,0.36213991769547327,0.3333333333333333,0.39300149544792223
top_label,4,681,650,True,0.44741410848083046,0.5198237885462555,0.484106458221271,0.5553039169419537
top_label,5,500,473,True,0.5474219461495456,0.536,0.49267523799102747,0.5781586769224589
top_label,6,277,261,True,0.6456599116121982,0.6570397111913358,0.598834895649098,0.7148158570232392
top_label,7,110,100,True,0.736136999946451,0.8272727272727273,0.7603008604098268,0.8956521739130435
top_label,8,12,11,False,0.8192829514239156,0.9166666666666666,0.7142857142857143,1.0
completed_effective,0,625,569,True,0.07271327807973246,0.0608,0.04308660621706837,0.07971760797342192
completed_effective,1,915,829,True,0.1445481759585178,0.13114754098360656,0.1098145144076841,0.15454572402298228
completed_effective,2,614,569,True,0.24730364203897937,0.21009771986970685,0.18001271979866687,0.24107934893696287
completed_effective,3,393,356,True,0.347508967654121,0.3791348600508906,0.33246351630715665,0.42857142857142855
completed_effective,4,291,277,True,0.44725056553818804,0.5429553264604811,0.48832633263326336,0.6025377508637086
completed_effective,5,234,216,True,0.5477457389392227,0.5641025641025641,0.5,0.6276545454545454
completed_effective,6,150,140,True,0.6455890300556915,0.6533333333333333,0.5691388057218896,0.7292953431372549
completed_effective,7,84,74,False,0.7397930488659854,0.8214285714285714,0.7383522727272728,0.9027777777777778
completed_effective,8,12,11,False,0.8192829514239156,0.9166666666666666,0.7142857142857143,1.0
completed_ineffective,0,319,289,True,0.0836656632681153,0.09090909090909091,0.061070879964889184,0.12398627058347352
completed_ineffective,1,2201,1977,True,0.15109439107625433,0.15947296683325762,0.1445738661124748,0.1759672970887757
completed_ineffective,2,752,708,True,0.2312043860504916,0.19946808510638298,0.17083455206418183,0.22933333333333333
completed_ineffective,3,44,43,False,0.31789104208446844,0.18181818181818182,0.08108108108108109,0.30995484400656803
completed_ineffective,4,2,2,False,0.4036948606506854,0.5,0.0,1.0
partial,0,736,676,True,0.08184177015862142,0.12092391304347826,0.09681784762429924,0.1452561266777561
partial,1,2159,1946,True,0.14045765753134415,0.13200555812876333,0.1178761968863842,0.14730420664921973
partial,2,384,369,True,0.22983826509602742,0.20052083333333334,0.1618798955613577,0.24242749690709128
partial,3,39,39,False,0.326953207901255,0.15384615384615385,0.05263157894736842,0.27545258620689644
dropped_out,0,618,530,True,0.06519368810651041,0.043689320388349516,0.028339566929133857,0.05972868217054261
dropped_out,1,847,775,True,0.14855591222572323,0.1381345926800472,0.11546138455382153,0.16261196074312118
dropped_out,2,592,554,True,0.2482475130808801,0.2533783783783784,0.216396433348959,0.28836618316268486
dropped_out,3,462,439,True,0.34923473894905116,0.38095238095238093,0.3351303717196249,0.42466639745550067
dropped_out,4,380,365,True,0.44830253344983023,0.5026315789473684,0.45524745689344204,0.5504454566591278
dropped_out,5,266,257,True,0.5471371058759198,0.5112781954887218,0.4507863507181811,0.5740731381903452
dropped_out,6,127,121,True,0.6457436299860249,0.6614173228346457,0.5742521090201168,0.7442778457772338
dropped_out,7,26,26,False,0.7243251495910324,0.8461538461538461,0.6885237068965517,0.9655172413793104
declined,0,578,531,True,0.07819096900589542,0.08996539792387544,0.06666666666666667,0.11525421055951553
declined,1,2023,1810,True,0.14739640127745887,0.15521502718734553,0.13956311199455176,0.1715641135972461
declined,2,636,593,True,0.23611612819269456,0.19654088050314467,0.16573414435354847,0.2287283823909429
declined,3,73,71,False,0.33228118522631095,0.273972602739726,0.17213092672413793,0.375
declined,4,8,8,False,0.42209260894949,0.5,0.125,0.8669642857142849
