arm,variant,accuracy,macro_f1,balanced_accuracy,log_loss,brier,macro_auc,top_ece,classwise_ece
prior,raw,0.27245328511151296,0.08564661297963051,0.2,1.5658830582855832,0.782252531963955,0.4991189208087551,1.031657352879023e-07,5.9025171933457796e-08
prior,calibrated,0.27245328511151296,0.08564661297963051,0.2,1.5658830582855832,0.782252531963955,0.4991189208087551,1.031657352879023e-07,5.9025171933457796e-08
context,raw,0.28661844484629295,0.17704777371705271,0.21777433555250308,1.5745456809366714,0.7866021935920176,0.5360493780792799,0.03818744065037547,0.025078117388195285
context,calibrated,0.28661844484629295,0.17704777371705271,0.21777433555250308,1.5682282268607521,0.7835117592940336,0.536299605308493,0.0170184674654372,0.022027686001367657
demographics,raw,0.2823990355635925,0.1775719831378022,0.21544106716731654,1.5735060276358144,0.7851673859762365,0.5363338951532255,0.043223864905454434,0.025253678914811683
demographics,calibrated,0.2823990355635925,0.1775719831378022,0.21544106716731654,1.5677756743050362,0.7828428006685788,0.5357444459011405,0.005841988374633544,0.021710585723388784
questionnaire,raw,0.40415913200723325,0.25923255442949045,0.30959048432384545,1.466899200180893,0.7282120062304639,0.6261412200821541,0.0050748976864526734,0.01695818429904986
questionnaire,calibrated,0.40415913200723325,0.25923255442949045,0.30959048432384545,1.4669077775189043,0.7289684309619396,0.6255997289706203,0.02467377790986777,0.01633456583446706
personality_no_age,raw,0.4309825195901145,0.2854481870434046,0.332911786097987,1.4126916570707846,0.7009806965926947,0.6593952474462413,0.03091793319351828,0.018546497628607068
personality_no_age,calibrated,0.4309825195901145,0.2854481870434046,0.332911786097987,1.4128130228398812,0.7013918722147826,0.659048393963271,0.03560088202875762,0.020463325233366105
personality,raw,0.43007836045810727,0.2832584592222797,0.33141139447262197,1.411191471950283,0.6996047622633563,0.6603561924824362,0.024616510094253273,0.019064089458171646
personality,calibrated,0.43007836045810727,0.2832584592222797,0.33141139447262197,1.411383777335842,0.7000828839230684,0.6599549620759475,0.03192200718556178,0.020164854459044212
logistic,raw,0.42706449668474983,0.30720965242081705,0.33852267039872086,1.4440168603858263,0.7112842944188899,0.6499721760238658,0.04297352566718293,0.03323191999166212
logistic,calibrated,0.42706449668474983,0.30720965242081705,0.33852267039872086,1.4285666392019278,0.7098714700265222,0.6470370021638783,0.04326377835053077,0.028656617214651143
wellness,raw,0.4376130198915009,0.2893945300729876,0.33766426255105264,1.4064629142462526,0.6971379697693296,0.6628015413972606,0.0141648539416154,0.01541155249374745
wellness,calibrated,0.4376130198915009,0.2893945300729876,0.33766426255105264,1.4060632246319473,0.697419387374118,0.6621746996923735,0.017953293569291876,0.014573378655929423
anonymous_context,raw,0.4345991561181435,0.2845661783445978,0.3346514553732772,1.4147946816261865,0.7013619446799894,0.6555911118606194,0.011970951215190697,0.015626123301815564
anonymous_context,calibrated,0.4345991561181435,0.2845661783445978,0.3346514553732772,1.414985316923356,0.7019670266398096,0.6550333482071247,0.01976199327265223,0.014994401541610362
