class_name,precision,recall,f1,support,arm,variant
completed_effective,0.27245328511151296,1.0,0.42823306489815255,904,prior,raw
completed_ineffective,0.0,0.0,0.0,539,prior,raw
partial,0.0,0.0,0.0,457,prior,raw
dropped_out,0.0,0.0,0.0,903,prior,raw
declined,0.0,0.0,0.0,515,prior,raw
completed_effective,0.27245328511151296,1.0,0.42823306489815255,904,prior,calibrated
completed_ineffective,0.0,0.0,0.0,539,prior,calibrated
partial,0.0,0.0,0.0,457,prior,calibrated
dropped_out,0.0,0.0,0.0,903,prior,calibrated
declined,0.0,0.0,0.0,515,prior,calibrated
completed_effective,0.2825829383886256,0.5276548672566371,0.3680555555555556,904,context,raw
completed_ineffective,0.2235294117647059,0.03525046382189239,0.060897435897435896,539,context,raw
partial,0.18518518518518517,0.010940919037199124,0.02066115702479339,457,context,raw
dropped_out,0.30345800988002825,0.47619047619047616,0.3706896551724138,903,context,raw
declined,0.19801980198019803,0.038834951456310676,0.06493506493506493,515,context,raw
completed_effective,0.2825829383886256,0.5276548672566371,0.3680555555555556,904,context,calibrated
completed_ineffective,0.2235294117647059,0.03525046382189239,0.060897435897435896,539,context,calibrated
partial,0.18518518518518517,0.010940919037199124,0.02066115702479339,457,context,calibrated
dropped_out,0.30345800988002825,0.47619047619047616,0.3706896551724138,903,context,calibrated
declined,0.19801980198019803,0.038834951456310676,0.06493506493506493,515,context,calibrated
completed_effective,0.28305288461538464,0.5210176991150443,0.36682242990654207,904,demographics,raw
completed_ineffective,0.20212765957446807,0.03525046382189239,0.06003159557661927,539,demographics,raw
partial,0.14285714285714285,0.015317286652078774,0.02766798418972332,457,demographics,raw
dropped_out,0.29878484631879915,0.4629014396456257,0.3631624674196351,903,demographics,raw
declined,0.19642857142857142,0.04271844660194175,0.07017543859649122,515,demographics,raw
completed_effective,0.28305288461538464,0.5210176991150443,0.36682242990654207,904,demographics,calibrated
completed_ineffective,0.20212765957446807,0.03525046382189239,0.06003159557661927,539,demographics,calibrated
partial,0.14285714285714285,0.015317286652078774,0.02766798418972332,457,demographics,calibrated
dropped_out,0.29878484631879915,0.4629014396456257,0.3631624674196351,903,demographics,calibrated
declined,0.19642857142857142,0.04271844660194175,0.07017543859649122,515,demographics,calibrated
completed_effective,0.4437543133195307,0.7112831858407079,0.5465363365915852,904,questionnaire,raw
completed_ineffective,0.226890756302521,0.05009276437847866,0.08206686930091185,539,questionnaire,raw
partial,0.1794871794871795,0.030634573304157548,0.052336448598130844,457,questionnaire,raw
dropped_out,0.40507152145643693,0.689922480620155,0.5104465383039738,903,questionnaire,raw
declined,0.2537313432835821,0.06601941747572816,0.10477657935285054,515,questionnaire,raw
completed_effective,0.4437543133195307,0.7112831858407079,0.5465363365915852,904,questionnaire,calibrated
completed_ineffective,0.226890756302521,0.05009276437847866,0.08206686930091185,539,questionnaire,calibrated
partial,0.1794871794871795,0.030634573304157548,0.052336448598130844,457,questionnaire,calibrated
dropped_out,0.40507152145643693,0.689922480620155,0.5104465383039738,903,questionnaire,calibrated
declined,0.2537313432835821,0.06601941747572816,0.10477657935285054,515,questionnaire,calibrated
completed_effective,0.47844827586206895,0.7367256637168141,0.5801393728222997,904,personality_no_age,raw
completed_ineffective,0.22377622377622378,0.059369202226345084,0.093841642228739,539,personality_no_age,raw
partial,0.17647058823529413,0.03938730853391685,0.06440071556350627,457,personality_no_age,raw
dropped_out,0.4498316498316498,0.7397563676633444,0.559463986599665,903,personality_no_age,raw
declined,0.23469387755102042,0.08932038834951456,0.12939521800281295,515,personality_no_age,raw
completed_effective,0.47844827586206895,0.7367256637168141,0.5801393728222997,904,personality_no_age,calibrated
completed_ineffective,0.22377622377622378,0.059369202226345084,0.093841642228739,539,personality_no_age,calibrated
partial,0.17647058823529413,0.03938730853391685,0.06440071556350627,457,personality_no_age,calibrated
dropped_out,0.4498316498316498,0.7397563676633444,0.559463986599665,903,personality_no_age,calibrated
declined,0.23469387755102042,0.08932038834951456,0.12939521800281295,515,personality_no_age,calibrated
completed_effective,0.48060344827586204,0.7400442477876106,0.5827526132404182,904,personality,raw
completed_ineffective,0.23684210526315788,0.06679035250463822,0.10419681620839363,539,personality,raw
partial,0.1553398058252427,0.0350109409190372,0.05714285714285714,457,personality,raw
dropped_out,0.44969615124915596,0.7375415282392026,0.5587248322147651,903,personality,raw
declined,0.21052631578947367,0.07766990291262135,0.11347517730496454,515,personality,raw
completed_effective,0.48060344827586204,0.7400442477876106,0.5827526132404182,904,personality,calibrated
completed_ineffective,0.23684210526315788,0.06679035250463822,0.10419681620839363,539,personality,calibrated
partial,0.1553398058252427,0.0350109409190372,0.05714285714285714,457,personality,calibrated
dropped_out,0.44969615124915596,0.7375415282392026,0.5587248322147651,903,personality,calibrated
declined,0.21052631578947367,0.07766990291262135,0.11347517730496454,515,personality,calibrated
completed_effective,0.50703125,0.7179203539823009,0.5943223443223443,904,logistic,raw
completed_ineffective,0.2288135593220339,0.10018552875695733,0.1393548387096774,539,logistic,raw
partial,0.18181818181818182,0.0700218818380744,0.10110584518167456,457,logistic,raw
dropped_out,0.4550766983199416,0.689922480620155,0.5484154929577465,903,logistic,raw
declined,0.22957198443579765,0.1145631067961165,0.15284974093264247,515,logistic,raw
completed_effective,0.50703125,0.7179203539823009,0.5943223443223443,904,logistic,calibrated
completed_ineffective,0.2288135593220339,0.10018552875695733,0.1393548387096774,539,logistic,calibrated
partial,0.18181818181818182,0.0700218818380744,0.10110584518167456,457,logistic,calibrated
dropped_out,0.4550766983199416,0.689922480620155,0.5484154929577465,903,logistic,calibrated
declined,0.22957198443579765,0.1145631067961165,0.15284974093264247,515,logistic,calibrated
completed_effective,0.4890988372093023,0.7444690265486725,0.5903508771929824,904,wellness,raw
completed_ineffective,0.22784810126582278,0.06679035250463822,0.10329985652797705,539,wellness,raw
partial,0.1574074074074074,0.037199124726477024,0.06017699115044248,457,wellness,raw
dropped_out,0.4565508021390374,0.7563676633444075,0.5694039182992914,903,wellness,raw
declined,0.2388888888888889,0.08349514563106795,0.1237410071942446,515,wellness,raw
completed_effective,0.4890988372093023,0.7444690265486725,0.5903508771929824,904,wellness,calibrated
completed_ineffective,0.22784810126582278,0.06679035250463822,0.10329985652797705,539,wellness,calibrated
partial,0.1574074074074074,0.037199124726477024,0.06017699115044248,457,wellness,calibrated
dropped_out,0.4565508021390374,0.7563676633444075,0.5694039182992914,903,wellness,calibrated
declined,0.2388888888888889,0.08349514563106795,0.1237410071942446,515,wellness,calibrated
completed_effective,0.4755747126436782,0.7323008849557522,0.5766550522648084,904,anonymous_context,raw
completed_ineffective,0.26704545454545453,0.08719851576994433,0.13146853146853146,539,anonymous_context,raw
partial,0.11267605633802817,0.0175054704595186,0.030303030303030304,457,anonymous_context,raw
dropped_out,0.4521452145214521,0.7585825027685493,0.5665839536807279,903,anonymous_context,raw
declined,0.24390243902439024,0.07766990291262135,0.11782032400589101,515,anonymous_context,raw
completed_effective,0.4755747126436782,0.7323008849557522,0.5766550522648084,904,anonymous_context,calibrated
completed_ineffective,0.26704545454545453,0.08719851576994433,0.13146853146853146,539,anonymous_context,calibrated
partial,0.11267605633802817,0.0175054704595186,0.030303030303030304,457,anonymous_context,calibrated
dropped_out,0.4521452145214521,0.7585825027685493,0.5665839536807279,903,anonymous_context,calibrated
declined,0.24390243902439024,0.07766990291262135,0.11782032400589101,515,anonymous_context,calibrated
