slice,group,events,flags,flag_rate,flagged_not_effective_rate,not_effective_recall,false_flag_rate,threshold
all,all,3318,2154,0.6491862567811935,0.8667595171773445,0.7734051367025684,0.3174778761061947,0.3
age,30–39,741,484,0.6531713900134952,0.859504132231405,0.7938931297709924,0.31336405529953915,0.3
age,40–49,824,539,0.654126213592233,0.87569573283859,0.7699836867862969,0.3175355450236967,0.3
age,50+,1102,692,0.6279491833030852,0.8410404624277457,0.7376425855513308,0.3514376996805112,0.3
age,<30,594,396,0.6666666666666666,0.9065656565656566,0.8103837471783296,0.24503311258278146,0.3
age,missing,57,43,0.7543859649122807,0.8837209302325582,0.8444444444444444,0.4166666666666667,0.3
context_domain,external_event,221,150,0.6787330316742082,0.8933333333333333,0.8170731707317073,0.2807017543859649,0.3
context_domain,formal_training,2491,1626,0.6527498996386993,0.8628536285362853,0.7751381215469614,0.3274596182085169,0.3
context_domain,on_the_job,606,378,0.6237623762376238,0.873015873015873,0.75,0.2891566265060241,0.3
wellness_optin,False,1734,1138,0.6562860438292965,0.867311072056239,0.7927710843373494,0.30879345603271985,0.3
wellness_optin,True,1584,1016,0.6414141414141414,0.8661417322834646,0.7527801539777588,0.327710843373494,0.3
intervention,coaching_1on1,681,476,0.6989720998531571,0.8718487394957983,0.7757009345794392,0.4178082191780822,0.3
intervention,peer_workshop,658,416,0.6322188449848024,0.8653846153846154,0.7708779443254818,0.2931937172774869,0.3
intervention,reading_pack,660,414,0.6272727272727273,0.8719806763285024,0.7584033613445378,0.28804347826086957,0.3
intervention,self_paced_video,664,418,0.6295180722891566,0.8564593301435407,0.7600849256900213,0.31088082901554404,0.3
intervention,simulation_exercise,655,430,0.6564885496183206,0.8674418604651163,0.8021505376344086,0.3,0.3
age_x_context,30–39 / external_event,54,37,0.6851851851851852,0.8378378378378378,0.8378378378378378,0.35294117647058826,0.3
age_x_context,30–39 / formal_training,566,378,0.6678445229681979,0.8650793650793651,0.8014705882352942,0.3227848101265823,0.3
age_x_context,30–39 / on_the_job,121,69,0.5702479338842975,0.8405797101449275,0.7341772151898734,0.2619047619047619,0.3
age_x_context,40–49 / external_event,52,34,0.6538461538461539,0.9117647058823529,0.8611111111111112,0.1875,0.3
age_x_context,40–49 / formal_training,611,403,0.6595744680851063,0.8610421836228288,0.76431718061674,0.35668789808917195,0.3
age_x_context,40–49 / on_the_job,161,102,0.6335403726708074,0.9215686274509803,0.7642276422764228,0.21052631578947367,0.3
age_x_context,50+ / external_event,70,44,0.6285714285714286,0.8863636363636364,0.6964285714285714,0.35714285714285715,0.3
age_x_context,50+ / formal_training,825,520,0.6303030303030303,0.8403846153846154,0.7508591065292096,0.34156378600823045,0.3
age_x_context,50+ / on_the_job,207,128,0.6183574879227053,0.828125,0.7019867549668874,0.39285714285714285,0.3
age_x_context,<30 / external_event,40,32,0.8,0.96875,0.9393939393939394,0.14285714285714285,0.3
age_x_context,<30 / formal_training,448,294,0.65625,0.8979591836734694,0.7951807228915663,0.25862068965517243,0.3
age_x_context,<30 / on_the_job,106,70,0.660377358490566,0.9142857142857143,0.8205128205128205,0.21428571428571427,0.3
age_x_context,missing / external_event,5,3,0.6,0.6666666666666666,1.0,0.3333333333333333,0.3
age_x_context,missing / formal_training,41,31,0.7560975609756098,0.9032258064516129,0.8235294117647058,0.42857142857142855,0.3
age_x_context,missing / on_the_job,11,9,0.8181818181818182,0.8888888888888888,0.8888888888888888,0.5,0.3
