class_name,bin,events,people,supported,predicted,observed,lower,upper,slice,group
top_label,2,170,163,True,0.26883860793073777,0.2411764705882353,0.1776397107166338,0.30240094745908697,age,30–39
top_label,3,209,196,True,0.3482461742807437,0.36363636363636365,0.3004398148148148,0.4279382548487352,age,30–39
top_label,4,156,151,True,0.4443757288131546,0.5897435897435898,0.5132371007371007,0.6666666666666666,age,30–39
top_label,5,121,112,True,0.5445073399558943,0.6033057851239669,0.5146969696969697,0.6883914661589059,age,30–39
top_label,6,59,57,False,0.6485920834414106,0.7966101694915254,0.6885245901639344,0.8939393939393939,age,30–39
top_label,7,23,23,False,0.7378300832535988,0.782608695652174,0.5909090909090909,0.9459795321637422,age,30–39
top_label,8,3,2,False,0.8199471841945224,1.0,1.0,1.0,age,30–39
completed_effective,0,137,121,True,0.07132597731568224,0.058394160583941604,0.020827103930552208,0.10526315789473684,age,30–39
completed_effective,1,215,196,True,0.14551011549527193,0.13023255813953488,0.0861244019138756,0.17528810710090328,age,30–39
completed_effective,2,132,127,True,0.24527669420781115,0.24242424242424243,0.17441378066378066,0.3204690481870229,age,30–39
completed_effective,3,82,74,False,0.3502156074744814,0.3902439024390244,0.2789231198808637,0.4934237905323391,age,30–39
completed_effective,4,71,69,False,0.4406016091973785,0.5915492957746479,0.47761194029850745,0.7142857142857143,age,30–39
completed_effective,5,52,47,False,0.5460863808784641,0.6346153846153846,0.5106349206349207,0.7604565217391304,age,30–39
completed_effective,6,30,29,False,0.6454424340921212,0.8,0.64,0.9333333333333333,age,30–39
completed_effective,7,19,19,False,0.7369185438448383,0.7894736842105263,0.5833333333333334,0.9535173160173157,age,30–39
completed_effective,8,3,2,False,0.8199471841945224,1.0,1.0,1.0,age,30–39
completed_ineffective,0,77,73,False,0.08301632604505431,0.1038961038961039,0.0410958904109589,0.18261363636363614,age,30–39
completed_ineffective,1,494,445,True,0.15003977001731916,0.1437246963562753,0.11439672801635992,0.17396992465640002,age,30–39
completed_ineffective,2,159,150,True,0.23191812420561556,0.1509433962264151,0.09913855546357615,0.20849582937001526,age,30–39
completed_ineffective,3,11,11,False,0.3159072315053279,0.0,0.0,0.0,age,30–39
partial,0,144,138,True,0.08120383065441066,0.10416666666666667,0.056694058799510005,0.1590909090909091,age,30–39
partial,1,497,451,True,0.14165746253790396,0.13682092555331993,0.10648824807426427,0.1676590605770707,age,30–39
partial,2,92,90,False,0.2291812084092161,0.2391304347826087,0.15513888888888888,0.3333333333333333,age,30–39
partial,3,8,8,False,0.319777181197229,0.0,0.0,0.0,age,30–39
dropped_out,0,143,128,True,0.06644923622625429,0.013986013986013986,0.0,0.03559397163120564,age,30–39
dropped_out,1,183,170,True,0.1501273285494012,0.12021857923497267,0.07480410447761193,0.1701606711998245,age,30–39
dropped_out,2,132,124,True,0.24818910781341869,0.3181818181818182,0.23487263575350825,0.3983412567176519,age,30–39
dropped_out,3,97,94,False,0.3520455864853104,0.41237113402061853,0.31648809523809524,0.5119256948383437,age,30–39
dropped_out,4,84,81,False,0.4474169373511727,0.5833333333333334,0.47428958498546125,0.6912717864923746,age,30–39
dropped_out,5,69,65,False,0.5433173381012039,0.5797101449275363,0.46401397515527953,0.6894338303821061,age,30–39
dropped_out,6,29,28,False,0.6518503413889514,0.7931034482758621,0.6324122807017544,0.9273148148148145,age,30–39
dropped_out,7,4,4,False,0.7421598954452094,0.75,0.0,1.0,age,30–39
declined,0,127,120,True,0.0782531505817833,0.07086614173228346,0.030645918966529653,0.11814781675017895,age,30–39
declined,1,464,414,True,0.14720102858909556,0.1271551724137931,0.09609061345752369,0.15948071943453002,age,30–39
declined,2,131,127,True,0.23751205259587815,0.15267175572519084,0.09263655462184875,0.2198581560283688,age,30–39
declined,3,18,18,False,0.3391276886250652,0.3333333333333333,0.12237500000000001,0.5555555555555556,age,30–39
declined,4,1,1,False,0.4568767043397514,1.0,1.0,1.0,age,30–39
top_label,2,184,170,True,0.2690755783507161,0.2717391304347826,0.21323881390864968,0.3376256084157636,age,40–49
top_label,3,248,225,True,0.3472257436312023,0.3629032258064516,0.3038461538461538,0.42585551330798477,age,40–49
top_label,4,172,165,True,0.4520210069381417,0.5465116279069767,0.46956020078156585,0.6192129984662575,age,40–49
top_label,5,126,122,True,0.5500721241736951,0.5873015873015873,0.5017086330935252,0.6691729323308271,age,40–49
top_label,6,65,61,False,0.643355711395724,0.6307692307692307,0.5084699453551913,0.75,age,40–49
top_label,7,27,24,False,0.7379222134908553,0.8888888888888888,0.7619047619047619,1.0,age,40–49
top_label,8,2,2,False,0.8137580690720391,1.0,1.0,1.0,age,40–49
completed_effective,0,165,148,True,0.07403580665015586,0.04242424242424243,0.013832997987927566,0.07567664281067008,age,40–49
completed_effective,1,226,204,True,0.1422916252463886,0.11061946902654868,0.0715909090909091,0.15349908200734394,age,40–49
completed_effective,2,148,138,True,0.24458076662206601,0.23648648648648649,0.17170703232304735,0.3064877087198515,age,40–49
completed_effective,3,102,89,True,0.3490537940983581,0.30392156862745096,0.21334155658125098,0.39728455807964674,age,40–49
completed_effective,4,69,67,False,0.45584818244977876,0.5362318840579711,0.42065217391304344,0.6461538461538462,age,40–49
completed_effective,5,56,53,False,0.5516566065900009,0.5714285714285714,0.45297022405660375,0.6973130053908353,age,40–49
completed_effective,6,33,32,False,0.644467522268845,0.6666666666666666,0.5,0.8235294117647058,age,40–49
completed_effective,7,23,20,False,0.7397258513633763,0.8695652173913043,0.71640625,1.0,age,40–49
completed_effective,8,2,2,False,0.8137580690720391,1.0,1.0,1.0,age,40–49
completed_ineffective,0,76,70,False,0.08570455566889795,0.09210526315789473,0.03314102564102564,0.15652597402597385,age,40–49
completed_ineffective,1,531,482,True,0.14913485497576742,0.15254237288135594,0.12252025370429592,0.18250950570342206,age,40–49
completed_ineffective,2,205,186,True,0.2345119029608292,0.2048780487804878,0.15602707540836877,0.2593662587412587,age,40–49
completed_ineffective,3,12,11,False,0.3174935556825697,0.3333333333333333,0.08333333333333333,0.5833333333333334,age,40–49
partial,0,195,178,True,0.08236443494723296,0.11794871794871795,0.07446808510638298,0.16166876914759407,age,40–49
partial,1,532,478,True,0.1405644397237909,0.11654135338345864,0.08853521072876887,0.14554090370453968,age,40–49
partial,2,85,82,False,0.2329569608131728,0.16470588235294117,0.08981201382886776,0.2447875816993463,age,40–49
partial,3,12,12,False,0.33168466814094966,0.08333333333333333,0.0,0.2727272727272727,age,40–49
dropped_out,0,152,130,True,0.06518545059393405,0.039473684210526314,0.0125,0.0733218395951815,age,40–49
dropped_out,1,214,193,True,0.14876186654534299,0.18691588785046728,0.13901345291479822,0.2436572460962704,age,40–49
dropped_out,2,137,132,True,0.24727999734223577,0.291970802919708,0.21188896261888962,0.36822610294117636,age,40–49
dropped_out,3,115,111,True,0.35062268734852536,0.4434782608695652,0.34908443350488555,0.5395345306264098,age,40–49
dropped_out,4,100,96,True,0.4503884754114633,0.55,0.44808728448275864,0.6440264026402639,age,40–49
dropped_out,5,70,69,False,0.5488045382406507,0.6,0.4868421052631579,0.703014553014553,age,40–49
dropped_out,6,32,29,False,0.6422091564328181,0.59375,0.42424242424242425,0.7692307692307693,age,40–49
dropped_out,7,4,4,False,0.7275512957238608,1.0,1.0,1.0,age,40–49
declined,0,141,132,True,0.07835627955732404,0.09929078014184398,0.0527971418612757,0.15848419540229883,age,40–49
declined,1,503,446,True,0.14822794108304652,0.1411530815109344,0.110995599559956,0.17285358689225017,age,40–49
declined,2,161,150,True,0.23859603086416173,0.19254658385093168,0.1362224314147391,0.25385934489402684,age,40–49
declined,3,16,16,False,0.32647108502724376,0.25,0.06056985294117648,0.4687254901960779,age,40–49
declined,4,3,3,False,0.4184136877264308,0.6666666666666666,0.0,1.0,age,40–49
top_label,2,251,232,True,0.2677401699528655,0.18725099601593626,0.14110268036407442,0.2375251436781609,age,50+
top_label,3,326,299,True,0.3447071300968263,0.35276073619631904,0.3016524845285766,0.40444419006023036,age,50+
top_label,4,221,209,True,0.4471368752325439,0.45701357466063347,0.39117618690386885,0.5245554812834223,age,50+
top_label,5,162,155,True,0.5474291557925834,0.4074074074074074,0.3379763756562318,0.485473372781065,age,50+
top_label,6,97,90,False,0.6456894339787815,0.5567010309278351,0.4530954964731416,0.66,age,50+
top_label,7,41,35,False,0.7329330323094183,0.8536585365853658,0.75,0.9545454545454546,age,50+
top_label,8,4,4,False,0.8196603706852934,1.0,1.0,1.0,age,50+
completed_effective,0,197,182,True,0.0724002823741076,0.1065989847715736,0.06386198985752234,0.1490427327647476,age,50+
completed_effective,1,291,265,True,0.1469411542651599,0.16494845360824742,0.12544147215665705,0.2086598258706467,age,50+
completed_effective,2,204,187,True,0.24935512346574878,0.20098039215686275,0.14733034690869962,0.25806451612903225,age,50+
completed_effective,3,133,123,True,0.3456465187561241,0.38345864661654133,0.30434782608695654,0.4573643410852713,age,50+
completed_effective,4,108,101,True,0.44626656713978335,0.49074074074074076,0.39215686274509803,0.5808064516129032,age,50+
completed_effective,5,81,77,False,0.5463327856005193,0.5185185185185185,0.40935104052573934,0.6230162064825929,age,50+
completed_effective,6,53,48,False,0.6465967907981892,0.5094339622641509,0.3695652173913043,0.6601981132075471,age,50+
completed_effective,7,31,25,False,0.7370718892766885,0.8387096774193549,0.7272727272727273,0.9545454545454546,age,50+
completed_effective,8,4,4,False,0.8196603706852934,1.0,1.0,1.0,age,50+
completed_ineffective,0,107,92,True,0.08314347571597473,0.056074766355140186,0.019134615384615385,0.10309278350515463,age,50+
completed_ineffective,1,739,657,True,0.1528959815547499,0.16779431664411368,0.14215141487059382,0.19426605668122998,age,50+
completed_ineffective,2,240,230,True,0.22963858374715845,0.2,0.15208260869565218,0.2520501578982732,age,50+
completed_ineffective,3,14,14,False,0.31876361200141223,0.14285714285714285,0.0,0.3696022727272712,age,50+
completed_ineffective,4,2,2,False,0.4036948606506854,0.5,0.0,1.0,age,50+
partial,0,251,225,True,0.08255106434227948,0.13147410358565736,0.09001904059947177,0.17427891298304143,age,50+
partial,1,721,646,True,0.13979128000047605,0.14563106796116504,0.11869841688654353,0.17220041322314047,age,50+
partial,2,117,110,True,0.22939280100437123,0.19658119658119658,0.12445764462809918,0.27310014204545446,age,50+
partial,3,13,13,False,0.3303374905631895,0.23076923076923078,0.0,0.5,age,50+
dropped_out,0,210,175,True,0.06464283535658627,0.09047619047619047,0.05239082969432314,0.12981487909290743,age,50+
dropped_out,1,287,261,True,0.14762663519071803,0.13240418118466898,0.09375,0.16961575456260225,age,50+
dropped_out,2,201,187,True,0.24704317909244997,0.208955223880597,0.15287649542575651,0.26732673267326734,age,50+
dropped_out,3,160,150,True,0.34667859546910895,0.3625,0.2924543501611171,0.4390465465465465,age,50+
dropped_out,4,109,105,True,0.4493427920078631,0.43119266055045874,0.3408931623931624,0.5217391304347826,age,50+
dropped_out,5,81,78,False,0.5485255259846475,0.2962962962962963,0.20529504741833507,0.39106696651674155,age,50+
dropped_out,6,44,42,False,0.6445964814463133,0.6136363636363636,0.4594594594594595,0.7631578947368421,age,50+
dropped_out,7,10,10,False,0.7201025757108808,0.9,0.6923076923076923,1.0,age,50+
declined,0,212,188,True,0.0778971529662826,0.09433962264150944,0.0547945205479452,0.1351635174418604,age,50+
declined,1,649,586,True,0.1468286860356995,0.1694915254237288,0.13993247588424437,0.19907500965853359,age,50+
declined,2,220,200,True,0.23395352558953367,0.20454545454545456,0.15011150234741785,0.2600052349815294,age,50+
declined,3,19,19,False,0.3277263881804857,0.2631578947368421,0.0625,0.47058823529411764,age,50+
declined,4,2,2,False,0.4173530625685775,0.0,0.0,0.0,age,50+
top_label,2,150,137,True,0.2664307336400238,0.20666666666666667,0.14600694444444445,0.27035951045385004,age,<30
top_label,3,172,157,True,0.3466031365149872,0.3953488372093023,0.3254437869822485,0.4689939024390242,age,<30
top_label,4,118,111,True,0.44648714541046575,0.5,0.41125075369309616,0.5859117738428082,age,<30
top_label,5,79,73,False,0.5477165941404989,0.5949367088607594,0.4805194805194805,0.7088607594936709,age,<30
top_label,6,54,51,False,0.6458568715369523,0.7222222222222222,0.5869565217391305,0.8446455938697318,age,<30
top_label,7,19,18,False,0.7384644205440846,0.7368421052631579,0.525,0.9333333333333333,age,<30
top_label,8,2,2,False,0.820752802245708,0.5,0.0,1.0,age,<30
completed_effective,0,111,106,True,0.07304933624351952,0.018018018018018018,0.0,0.04838709677419355,age,<30
completed_effective,1,168,149,True,0.1432394295318249,0.08928571428571429,0.04941493691493691,0.1350563753937987,age,<30
completed_effective,2,117,105,True,0.24846734047059116,0.17094017094017094,0.09956611570247935,0.24260915595794383,age,<30
completed_effective,3,70,64,False,0.34647808303319455,0.4714285714285714,0.3495833333333333,0.5902676278886035,age,<30
completed_effective,4,40,37,False,0.44511669323925834,0.6,0.4473684210526316,0.7368421052631579,age,<30
completed_effective,5,43,37,False,0.5468872274477853,0.5581395348837209,0.3958333333333333,0.7142857142857143,age,<30
completed_effective,6,32,29,False,0.6463571295168069,0.75,0.5670945945945945,0.90625,age,<30
completed_effective,7,11,10,False,0.7525673293414411,0.7272727272727273,0.42232142857142857,1.0,age,<30
completed_effective,8,2,2,False,0.820752802245708,0.5,0.0,1.0,age,<30
completed_ineffective,0,52,47,False,0.08250422202924473,0.1346153846153846,0.043478260869565216,0.24791666666666606,age,<30
completed_ineffective,1,398,356,True,0.15171323852320448,0.17587939698492464,0.13950275397796816,0.21448204936424825,age,<30
completed_ineffective,2,137,132,True,0.22925982933794445,0.22627737226277372,0.1592473649538867,0.2961555555555555,age,<30
completed_ineffective,3,7,7,False,0.3199447241353425,0.2857142857142857,0.0,0.6666666666666666,age,<30
partial,0,133,124,True,0.08029036218491115,0.12781954887218044,0.0716726618705036,0.1872864208633093,age,<30
partial,1,373,339,True,0.1399853882277671,0.12064343163538874,0.08969094155099232,0.15217391304347827,age,<30
partial,2,83,80,False,0.22815618587832315,0.20481927710843373,0.12336800270590224,0.2875,age,<30
partial,3,5,5,False,0.3210391481894453,0.4,0.0,1.0,age,<30
dropped_out,0,106,90,True,0.06426985384033336,0.0,0.0,0.0,age,<30
dropped_out,1,151,139,True,0.14798015567012388,0.11258278145695365,0.06666666666666667,0.16296387926768924,age,<30
dropped_out,2,114,103,True,0.25222522996443214,0.21052631578947367,0.1358962962962963,0.2882882882882883,age,<30
dropped_out,3,81,76,False,0.3493149943213214,0.32098765432098764,0.22666666666666666,0.42528735632183906,age,<30
dropped_out,4,76,72,False,0.44803813749901206,0.4473684210526316,0.3380281690140845,0.5549196787148593,age,<30
dropped_out,5,36,36,False,0.548707226579018,0.6388888888888888,0.47368421052631576,0.8,age,<30
dropped_out,6,22,22,False,0.6451292235662549,0.6818181818181818,0.4771739130434783,0.8776249999999993,age,<30
dropped_out,7,8,8,False,0.7190729209477192,0.75,0.4,1.0,age,<30
declined,0,91,84,False,0.0780720283233612,0.07692307692307693,0.028846153846153848,0.13636363636363635,age,<30
declined,1,372,331,True,0.1476586748827307,0.18010752688172044,0.14324001814228737,0.2192513368983957,age,<30
declined,2,111,105,True,0.23394352832367965,0.24324324324324326,0.16488897700237906,0.3302341180543535,age,<30
declined,3,18,16,False,0.3353734863063558,0.2777777777777778,0.09090909090909091,0.5,age,<30
declined,4,2,2,False,0.4149584894698607,0.5,0.0,1.0,age,<30
top_label,2,11,9,False,0.27793759588905015,0.2727272727272727,0.0,0.5714285714285714,age,missing
top_label,3,17,16,False,0.3409091168521654,0.17647058823529413,0.0,0.38461538461538464,age,missing
top_label,4,14,14,False,0.43686060017184747,0.5714285714285714,0.2969117647058824,0.8235294117647058,age,missing
top_label,5,12,11,False,0.5469469265605039,0.6666666666666666,0.3446428571428572,0.9166666666666666,age,missing
top_label,6,2,2,False,0.6272975969381813,0.5,0.0,1.0,age,missing
top_label,8,1,1,False,0.823890639126754,1.0,1.0,1.0,age,missing
completed_effective,0,15,12,False,0.0724599906385828,0.0,0.0,0.0,age,missing
completed_effective,1,15,15,False,0.1329932541578914,0.26666666666666666,0.0625,0.5,age,missing
completed_effective,2,13,12,False,0.2562180841818893,0.07692307692307693,0.0,0.25,age,missing
completed_effective,3,6,6,False,0.3375674450402349,0.3333333333333333,0.0,0.7905555555555566,age,missing
completed_effective,4,3,3,False,0.4707395829657361,0.6666666666666666,0.0,1.0,age,missing
completed_effective,5,2,2,False,0.557067361580547,0.5,0.0,1.0,age,missing
completed_effective,6,2,2,False,0.6272975969381813,0.5,0.0,1.0,age,missing
completed_effective,8,1,1,False,0.823890639126754,1.0,1.0,1.0,age,missing
completed_ineffective,0,7,7,False,0.08528168558476089,0.14285714285714285,0.0,0.5,age,missing
completed_ineffective,1,39,37,False,0.15067951479364342,0.1282051282051282,0.02857142857142857,0.23809523809523808,age,missing
completed_ineffective,2,11,10,False,0.2176290668809447,0.45454545454545453,0.16666666666666666,0.75,age,missing
partial,0,13,11,False,0.08324546825342027,0.07692307692307693,0.0,0.2649999999999995,age,missing
partial,1,36,32,False,0.14055497517990648,0.1388888888888889,0.03333333333333333,0.2571428571428571,age,missing
partial,2,7,7,False,0.22799425838495743,0.14285714285714285,0.0,0.5,age,missing
partial,3,1,1,False,0.31315852261102783,0.0,0.0,0.0,age,missing
dropped_out,0,7,7,False,0.07023857817609155,0.0,0.0,0.0,age,missing
dropped_out,1,12,12,False,0.15038910700158287,0.0,0.0,0.0,age,missing
dropped_out,2,8,8,False,0.23935633288697078,0.25,0.0,0.5714285714285714,age,missing
dropped_out,3,9,8,False,0.3459254050246267,0.1111111111111111,0.0,0.4,age,missing
dropped_out,4,11,11,False,0.427620877591696,0.5454545454545454,0.23076923076923078,0.8333333333333334,age,missing
dropped_out,5,10,9,False,0.5449228395564953,0.7,0.3333333333333333,1.0,age,missing
declined,0,7,7,False,0.08417764823722944,0.2857142857142857,0.0,0.6666666666666666,age,missing
declined,1,35,33,False,0.14577553887548034,0.2,0.07692307692307693,0.3333333333333333,age,missing
declined,2,13,11,False,0.24648541521060022,0.15384615384615385,0.0,0.4,age,missing
declined,3,2,2,False,0.33258331844499445,0.0,0.0,0.0,age,missing
top_label,2,42,42,False,0.2754441520726346,0.19047619047619047,0.07403963414634146,0.3111111111111111,context_domain,external_event
top_label,3,85,83,False,0.3444937014523041,0.4117647058823529,0.30952380952380953,0.5126682692307691,context_domain,external_event
top_label,4,47,46,False,0.44599524098593335,0.48936170212765956,0.3488372093023256,0.6373791102514504,context_domain,external_event
top_label,5,29,29,False,0.5458661367515597,0.5172413793103449,0.3333333333333333,0.6886314655172411,context_domain,external_event
top_label,6,13,13,False,0.6401023867385541,0.6923076923076923,0.4,0.9230769230769231,context_domain,external_event
top_label,7,5,5,False,0.7366252258077762,1.0,1.0,1.0,context_domain,external_event
completed_effective,0,47,46,False,0.0705901375855348,0.06382978723404255,0.0,0.14583333333333334,context_domain,external_event
completed_effective,1,52,52,False,0.14749916200198962,0.057692307692307696,0.0,0.1300523349436392,context_domain,external_event
completed_effective,2,51,51,False,0.24413252857371795,0.19607843137254902,0.09364853005704257,0.3076923076923077,context_domain,external_event
completed_effective,3,16,16,False,0.34285255622737487,0.5625,0.3,0.8235294117647058,context_domain,external_event
completed_effective,4,20,19,False,0.4489450430694494,0.5,0.276772030651341,0.7333333333333333,context_domain,external_event
completed_effective,5,19,19,False,0.5502864238148044,0.5263157894736842,0.2885416666666667,0.75,context_domain,external_event
completed_effective,6,12,12,False,0.6420749500954867,0.6666666666666666,0.36363636363636365,0.9200320512820505,context_domain,external_event
completed_effective,7,4,4,False,0.7450274461384793,1.0,1.0,1.0,context_domain,external_event
completed_ineffective,0,24,24,False,0.08388452352428298,0.125,0.0,0.2727272727272727,context_domain,external_event
completed_ineffective,1,164,163,True,0.14587694546528912,0.13414634146341464,0.08496732026143791,0.18947012966965102,context_domain,external_event
completed_ineffective,2,33,33,False,0.220075515982071,0.18181818181818182,0.058823529411764705,0.32142857142857145,context_domain,external_event
partial,0,74,74,False,0.07854566573242205,0.06756756756756757,0.014492753623188406,0.12987012987012986,context_domain,external_event
partial,1,129,127,True,0.13423789219206636,0.10077519379844961,0.051393783035489554,0.15726394221383477,context_domain,external_event
partial,2,18,18,False,0.2313755794023366,0.16666666666666666,0.0,0.3333333333333333,context_domain,external_event
dropped_out,0,62,60,False,0.06760771603471848,0.06451612903225806,0.015384615384615385,0.13163470460872242,context_domain,external_event
dropped_out,1,57,57,False,0.1473867792473355,0.19298245614035087,0.09803921568627451,0.3,context_domain,external_event
dropped_out,2,36,36,False,0.25604796067990626,0.19444444444444445,0.07407407407407407,0.3252497062279669,context_domain,external_event
dropped_out,3,35,34,False,0.3453478977104068,0.2857142857142857,0.12903225806451613,0.4375,context_domain,external_event
dropped_out,4,19,19,False,0.4529544522817873,0.47368421052631576,0.25,0.7,context_domain,external_event
dropped_out,5,10,10,False,0.5374675913313947,0.5,0.18181818181818182,0.8333333333333334,context_domain,external_event
dropped_out,6,1,1,False,0.616431626455363,1.0,1.0,1.0,context_domain,external_event
dropped_out,7,1,1,False,0.7030163444849639,1.0,1.0,1.0,context_domain,external_event
declined,0,6,5,False,0.07739584491103864,0.0,0.0,0.0,context_domain,external_event
declined,1,84,83,False,0.1614832596704718,0.27380952380952384,0.17962402765773552,0.3737367021276592,context_domain,external_event
declined,2,75,75,False,0.24974576861769138,0.22666666666666666,0.13545211878545213,0.32867416829745594,context_domain,external_event
declined,3,48,47,False,0.3360137296975822,0.4166666666666667,0.2842991913746631,0.556912144702842,context_domain,external_event
declined,4,8,8,False,0.42209260894949,0.5,0.125,1.0,context_domain,external_event
top_label,2,586,562,True,0.2674168903938102,0.2235494880546075,0.1910255561166624,0.256140350877193,context_domain,formal_training
top_label,3,708,667,True,0.34565820505598116,0.3516949152542373,0.31672162485065714,0.3853731964483907,context_domain,formal_training
top_label,4,514,497,True,0.4475389279877591,0.5155642023346303,0.47376478689653473,0.5565610370037837,context_domain,formal_training
top_label,5,375,359,True,0.5473941315955393,0.528,0.4785259905488913,0.5768701226309921,context_domain,formal_training
top_label,6,215,207,True,0.6447757738893282,0.6651162790697674,0.6037276406841625,0.7231147300469484,context_domain,formal_training
top_label,7,83,76,False,0.7379269162075804,0.8313253012048193,0.7470537321700595,0.9017277241009124,context_domain,formal_training
top_label,8,10,10,False,0.8201617178793053,0.9,0.6666666666666666,1.0,context_domain,formal_training
completed_effective,0,471,439,True,0.07293698883484327,0.06369426751592357,0.0423728813559322,0.0870426745706701,context_domain,formal_training
completed_effective,1,703,648,True,0.1438557504163345,0.1379800853485064,0.11404277914478436,0.16411842357399875,context_domain,formal_training
completed_effective,2,452,428,True,0.2472012933809171,0.21238938053097345,0.17545560564264728,0.2531364967535512,context_domain,formal_training
completed_effective,3,297,274,True,0.34617874348642164,0.3602693602693603,0.3063973063973064,0.41403508771929826,context_domain,formal_training
completed_effective,4,214,206,True,0.4468168642925599,0.5514018691588785,0.4843712007972098,0.6180116383805822,context_domain,formal_training
completed_effective,5,168,159,True,0.5467302106705576,0.5714285714285714,0.49707602339181284,0.6464029805557424,context_domain,formal_training
completed_effective,6,110,106,True,0.6437253029431237,0.6636363636363637,0.5764841137123745,0.7450980392156863,context_domain,formal_training
completed_effective,7,66,59,False,0.7414763471112636,0.8333333333333334,0.7444399908382959,0.9112657563025208,context_domain,formal_training
completed_effective,8,10,10,False,0.8201617178793053,0.9,0.6666666666666666,1.0,context_domain,formal_training
completed_ineffective,0,256,235,True,0.08329843764765052,0.07421875,0.04460966542750929,0.1058176588121813,context_domain,formal_training
completed_ineffective,1,1662,1531,True,0.15103685130095143,0.15703971119133575,0.1386881951685784,0.17543611866318962,context_domain,formal_training
completed_ineffective,2,541,517,True,0.230799468608991,0.1977818853974122,0.1632838252991785,0.23120871180842278,context_domain,formal_training
completed_ineffective,3,31,31,False,0.3197173807442889,0.16129032258064516,0.037037037037037035,0.3,context_domain,formal_training
completed_ineffective,4,1,1,False,0.4037453968291091,1.0,1.0,1.0,context_domain,formal_training
partial,0,487,460,True,0.08182890110677575,0.1293634496919918,0.10009519038076153,0.16058269083693333,context_domain,formal_training
partial,1,1658,1531,True,0.14114547322831264,0.1338962605548854,0.11820023821394937,0.15071542985996073,context_domain,formal_training
partial,2,310,302,True,0.2303822714855422,0.22580645161290322,0.17914488781234064,0.2708341885708076,context_domain,formal_training
partial,3,36,36,False,0.3279105735708228,0.16666666666666666,0.058823529411764705,0.2972972972972973,context_domain,formal_training
dropped_out,0,448,407,True,0.0649120474736274,0.04017857142857143,0.02363346747149564,0.05902491067884079,context_domain,formal_training
dropped_out,1,630,585,True,0.1491335566714218,0.12857142857142856,0.10249205122789073,0.15580705501699926,context_domain,formal_training
dropped_out,2,448,430,True,0.24823375697276845,0.265625,0.225602812020528,0.3062311022539857,context_domain,formal_training
dropped_out,3,337,326,True,0.3492303262560311,0.3887240356083086,0.33722549955670733,0.43921281788180483,context_domain,formal_training
dropped_out,4,299,290,True,0.44820218939890055,0.4882943143812709,0.43247685401664643,0.5426943426943425,context_domain,formal_training
dropped_out,5,207,200,True,0.5479329659694374,0.4927536231884058,0.42517438710551264,0.5573036038371789,context_domain,formal_training
dropped_out,6,105,101,True,0.6458762672615422,0.6666666666666666,0.5734513922813874,0.7594462250712251,context_domain,formal_training
dropped_out,7,17,17,False,0.7241467726991635,0.8235294117647058,0.6338516746411483,1.0,context_domain,formal_training
declined,0,439,409,True,0.07830600129282075,0.08428246013667426,0.05909090909090909,0.11206185658818078,context_domain,formal_training
declined,1,1556,1422,True,0.14708114170066017,0.15809768637532134,0.14111933784350608,0.17558113234436948,context_domain,formal_training
declined,2,473,450,True,0.23409344918423372,0.1945031712473573,0.16053474015387192,0.2289070289132602,context_domain,formal_training
declined,3,23,22,False,0.3248885785170543,0.0,0.0,0.0,context_domain,formal_training
top_label,2,138,134,True,0.26929147728902963,0.2391304347826087,0.17441378066378066,0.310251280409731,context_domain,on_the_job
top_label,3,179,175,True,0.3501294967640396,0.37988826815642457,0.3095776783569541,0.45348837209302323,context_domain,on_the_job
top_label,4,120,118,True,0.4474351880283206,0.55,0.4601292596944771,0.6393613445378149,context_domain,on_the_job
top_label,5,96,96,False,0.5480005808401077,0.5729166666666666,0.47191011235955055,0.6722010010537406,context_domain,on_the_job
top_label,6,49,49,False,0.6510137367912681,0.6122448979591837,0.4782608695652174,0.75,context_domain,on_the_job
top_label,7,22,22,False,0.7292731736291622,0.7727272727272727,0.5909090909090909,0.9444444444444444,context_domain,on_the_job
top_label,8,2,2,False,0.8148891191469686,1.0,1.0,1.0,context_domain,on_the_job
completed_effective,0,107,107,True,0.07266112702898574,0.04672897196261682,0.009850029120559115,0.09134695579649697,context_domain,on_the_job
completed_effective,1,160,158,True,0.1466314502203573,0.125,0.07439261069580219,0.18154829545454537,context_domain,on_the_job
completed_effective,2,111,106,True,0.24917741122972237,0.2072072072072072,0.13861386138613863,0.2830188679245283,context_domain,on_the_job
completed_effective,3,80,78,False,0.353378707162054,0.4125,0.3025229755505462,0.525,context_domain,on_the_job
completed_effective,4,57,56,False,0.44828429388799906,0.5263157894736842,0.4,0.6580818965517233,context_domain,on_the_job
completed_effective,5,47,47,False,0.5503486269498546,0.5531914893617021,0.4090909090909091,0.6909090909090909,context_domain,on_the_job
completed_effective,6,28,28,False,0.6544168494094386,0.6071428571428571,0.42857142857142855,0.7868506493506491,context_domain,on_the_job
completed_effective,7,14,14,False,0.7303619579175338,0.7142857142857143,0.4444444444444444,0.9375,context_domain,on_the_job
completed_effective,8,2,2,False,0.8148891191469686,1.0,1.0,1.0,context_domain,on_the_job
completed_ineffective,0,39,39,False,0.08594148667044754,0.1794871794871795,0.0648492286115007,0.3015909090909087,context_domain,on_the_job
completed_ineffective,1,375,366,True,0.1536311702409255,0.18133333333333335,0.14285714285714285,0.2205963440537235,context_domain,on_the_job
completed_ineffective,2,178,174,True,0.23449827957919767,0.20786516853932585,0.1511627906976744,0.2719754952405453,context_domain,on_the_job
completed_ineffective,3,13,13,False,0.31353592681874276,0.23076923076923078,0.0,0.5,context_domain,on_the_job
completed_ineffective,4,1,1,False,0.4036443244722616,0.0,0.0,0.0,context_domain,on_the_job
partial,0,175,170,True,0.08327136419169334,0.12,0.07536518563603165,0.16764822955245579,context_domain,on_the_job
partial,1,372,363,True,0.13954892447541156,0.13440860215053763,0.09971127717391304,0.17102579668230924,context_domain,on_the_job
partial,2,56,55,False,0.22633266441275662,0.07142857142857142,0.015498798076923078,0.14285714285714285,context_domain,on_the_job
partial,3,3,3,False,0.3154648198664401,0.0,0.0,0.0,context_domain,on_the_job
dropped_out,0,108,105,True,0.06497614432857234,0.046296296296296294,0.010149969078540507,0.08799019607843131,context_domain,on_the_job
dropped_out,1,160,158,True,0.14669794084433568,0.15625,0.101850757084557,0.2123200757575757,context_domain,on_the_job
dropped_out,2,108,106,True,0.24570442625559374,0.2222222222222222,0.14583333333333334,0.3047619047619048,context_domain,on_the_job
dropped_out,3,90,89,False,0.350762811403499,0.3888888888888889,0.28889578934293875,0.4880952380952381,context_domain,on_the_job
dropped_out,4,62,62,False,0.44736086269855263,0.5806451612903226,0.45530303030303027,0.7058823529411765,context_domain,on_the_job
dropped_out,5,49,49,False,0.5457483733470853,0.5918367346938775,0.44680851063829785,0.734362745098039,context_domain,on_the_job
dropped_out,6,21,21,False,0.6464762533003741,0.6190476190476191,0.3888888888888889,0.8286764705882339,context_domain,on_the_job
dropped_out,7,8,8,False,0.7273678011245122,0.875,0.6,1.0,context_domain,on_the_job
declined,0,133,131,True,0.07784714622851888,0.11278195488721804,0.06060606060606061,0.1719924430179173,context_domain,on_the_job
declined,1,383,373,True,0.14558764878786556,0.1174934725848564,0.08672244094488189,0.14916031844304767,context_domain,on_the_job
declined,2,88,85,False,0.23537185704641284,0.18181818181818182,0.10714285714285714,0.26701320132013195,context_domain,on_the_job
declined,3,2,2,False,0.32771509507225016,0.0,0.0,0.0,context_domain,on_the_job
top_label,2,397,363,True,0.2677157249959058,0.22670025188916876,0.18779562695225346,0.26796399802728904,wellness_optin,False
top_label,3,517,471,True,0.34676259608187365,0.3655705996131528,0.3236994219653179,0.4104752372812738,wellness_optin,False
top_label,4,351,330,True,0.44824039821585693,0.5384615384615384,0.486928873431533,0.5868028405997922,wellness_optin,False
top_label,5,246,236,True,0.5478988455388261,0.540650406504065,0.48024675324675326,0.6039269230769231,wellness_optin,False
top_label,6,150,143,True,0.6464131615901617,0.62,0.5463687943262411,0.7034491800152554,wellness_optin,False
top_label,7,70,61,False,0.738368870337223,0.8714285714285714,0.7931426635694928,0.9440727699530516,wellness_optin,False
top_label,8,3,3,False,0.8279742522425,1.0,1.0,1.0,wellness_optin,False
completed_effective,0,315,291,True,0.07290914477009387,0.06349206349206349,0.03803194695599759,0.09162546384515091,wellness_optin,False
completed_effective,1,504,446,True,0.14338785427279144,0.12698412698412698,0.09811830418459848,0.15547644630094642,wellness_optin,False
completed_effective,2,319,293,True,0.24758776248181474,0.21003134796238246,0.16589493355481727,0.25666666666666665,wellness_optin,False
completed_effective,3,195,176,True,0.34741022197094984,0.441025641025641,0.3699476650563607,0.5118483412322274,wellness_optin,False
completed_effective,4,143,135,True,0.4476256579865834,0.5734265734265734,0.4939246323529412,0.6527777777777778,wellness_optin,False
completed_effective,5,114,108,True,0.5488210802816765,0.5789473684210527,0.48694122986158384,0.6666666666666666,wellness_optin,False
completed_effective,6,87,82,False,0.6450220279830682,0.6206896551724138,0.5231618962432917,0.7288001543209875,wellness_optin,False
completed_effective,7,54,45,False,0.7421046593289389,0.8703703703703703,0.7798220338983051,0.9495974576271186,wellness_optin,False
completed_effective,8,3,3,False,0.8279742522425,1.0,1.0,1.0,wellness_optin,False
completed_ineffective,0,185,169,True,0.08430849133980599,0.08648648648648649,0.044812001757579566,0.13283086321672188,wellness_optin,False
completed_ineffective,1,1146,1018,True,0.15028547886538343,0.16928446771378708,0.1475007308153039,0.1903306862972409,wellness_optin,False
completed_ineffective,2,379,352,True,0.23010821854398056,0.19525065963060687,0.15465223367697595,0.2367371318082143,wellness_optin,False
completed_ineffective,3,22,22,False,0.31454100252690265,0.13636363636363635,0.0,0.30434782608695654,wellness_optin,False
completed_ineffective,4,2,2,False,0.4036948606506854,0.5,0.0,1.0,wellness_optin,False
partial,0,391,357,True,0.08154843607768081,0.11253196930946291,0.0824720744680851,0.14640940354427606,wellness_optin,False
partial,1,1121,1001,True,0.14014801864231854,0.12310437109723461,0.10388931227287677,0.14217099942229924,wellness_optin,False
partial,2,198,188,True,0.2301269981245991,0.18686868686868688,0.13101235945412412,0.24149594124468488,wellness_optin,False
partial,3,24,24,False,0.3328174449975274,0.125,0.0,0.2727272727272727,wellness_optin,False
dropped_out,0,325,277,True,0.06372177880406962,0.046153846153846156,0.02547390841320554,0.06926614114114109,wellness_optin,False
dropped_out,1,416,379,True,0.14887350389533566,0.1346153846153846,0.10331475081196831,0.16607632594929253,wellness_optin,False
dropped_out,2,321,297,True,0.24781386019868382,0.2585669781931464,0.2116896644751304,0.30979645470473044,wellness_optin,False
dropped_out,3,260,243,True,0.3498217693516071,0.35384615384615387,0.29606523605150215,0.4150197628458498,wellness_optin,False
dropped_out,4,201,190,True,0.44959291825591297,0.5174129353233831,0.44759010021842477,0.5842415730337078,wellness_optin,False
dropped_out,5,132,128,True,0.5471023700790915,0.5075757575757576,0.42913223140495865,0.5910591766723842,wellness_optin,False
dropped_out,6,63,61,False,0.6483342508571004,0.6190476190476191,0.5,0.7428542178542177,wellness_optin,False
dropped_out,7,16,16,False,0.7257605824901825,0.875,0.6875,1.0,wellness_optin,False
declined,0,293,264,True,0.07578770364829077,0.11604095563139932,0.07759144061035204,0.15356507490636703,wellness_optin,False
declined,1,1046,926,True,0.14724901308085428,0.15487571701720843,0.13436908703878903,0.17694933660636813,wellness_optin,False
declined,2,354,325,True,0.23443173486460614,0.16666666666666666,0.13242094953828934,0.20752134196074168,wellness_optin,False
declined,3,36,35,False,0.33150542993823734,0.2222222222222222,0.08756393861892584,0.36666666666666664,wellness_optin,False
declined,4,5,5,False,0.4292688781888964,0.4,0.0,1.0,wellness_optin,False
top_label,2,369,348,True,0.2687101170740785,0.2222222222222222,0.18131746931067044,0.26751704545454547,wellness_optin,True
top_label,3,455,422,True,0.34594481659234044,0.35824175824175825,0.31589909363836743,0.404309412188965,wellness_optin,True
top_label,4,330,320,True,0.4465352366717569,0.5,0.4467757114553314,0.5530546623794212,wellness_optin,True
top_label,5,254,237,True,0.5469600672134708,0.531496062992126,0.4723404255319149,0.5913590111790501,wellness_optin,True
top_label,6,127,118,True,0.6447702462838948,0.7007874015748031,0.6135478863147839,0.7826785714285712,wellness_optin,True
top_label,7,40,39,False,0.7322312267626,0.75,0.6116496598639456,0.8823529411764706,wellness_optin,True
top_label,8,9,8,False,0.8163858511510544,0.8888888888888888,0.6507575757575758,1.0,wellness_optin,True
completed_effective,0,310,278,True,0.07251425224920392,0.05806451612903226,0.032679738562091505,0.08683714501130933,wellness_optin,True
completed_effective,1,411,383,True,0.14597105218626985,0.1362530413625304,0.10414009661835749,0.16981132075471697,wellness_optin,True
completed_effective,2,295,276,True,0.24699640671265904,0.21016949152542372,0.16254784480883824,0.25939240165259564,wellness_optin,True
completed_effective,3,198,180,True,0.3476062171905773,0.3181818181818182,0.25124328539247964,0.38190954773869346,wellness_optin,True
completed_effective,4,148,142,True,0.44688814513196845,0.5135135135135135,0.43234830575256106,0.5890741828669087,wellness_optin,True
completed_effective,5,120,108,True,0.5467241646638915,0.55,0.4628826140189777,0.6407051282051281,wellness_optin,True
completed_effective,6,63,58,False,0.6463720329178856,0.6984126984126984,0.5725409836065574,0.8120697463768115,wellness_optin,True
completed_effective,7,30,29,False,0.7356321500326692,0.7333333333333333,0.5675675675675675,0.8873809523809519,wellness_optin,True
completed_effective,8,9,8,False,0.8163858511510544,0.8888888888888888,0.6507575757575758,1.0,wellness_optin,True
completed_ineffective,0,134,120,True,0.08277817675122888,0.09701492537313433,0.05306214802896219,0.14830005787037032,wellness_optin,True
completed_ineffective,1,1055,959,True,0.15197307675744678,0.14881516587677726,0.12829594899959862,0.17016258751426763,wellness_optin,True
completed_ineffective,2,373,356,True,0.2323181862782869,0.2037533512064343,0.16390589679002776,0.2472837646224743,wellness_optin,True
completed_ineffective,3,22,21,False,0.32124108164203435,0.22727272727272727,0.06666666666666667,0.4,wellness_optin,True
partial,0,345,319,True,0.0821742154503541,0.13043478260869565,0.09768791854867344,0.1664610389610389,wellness_optin,True
partial,1,1038,945,True,0.1407920555993574,0.1416184971098266,0.12091631173564597,0.1619807549182973,wellness_optin,True
partial,2,186,181,True,0.22953090413012853,0.21505376344086022,0.1581769572235674,0.2727272727272727,wellness_optin,True
partial,3,15,15,False,0.317570428547219,0.2,0.0,0.42857142857142855,wellness_optin,True
dropped_out,0,293,253,True,0.06682635200853518,0.040955631399317405,0.019397719575524948,0.0655393893962109,wellness_optin,True
dropped_out,1,431,396,True,0.1482493736304593,0.14153132250580047,0.11123356535189481,0.17753679906542055,wellness_optin,True
dropped_out,2,271,257,True,0.24876117571993928,0.24723247232472326,0.19845768853773724,0.2976058522851519,wellness_optin,True
dropped_out,3,202,196,True,0.34847915526259304,0.4158415841584158,0.3479273231031543,0.48301343230823607,wellness_optin,True
dropped_out,4,179,175,True,0.44685355386311154,0.4860335195530726,0.4131657335630204,0.558078504432738,wellness_optin,True
dropped_out,5,134,129,True,0.5471713232280194,0.5149253731343284,0.42965711805555556,0.5984258569299553,wellness_optin,True
dropped_out,6,64,60,False,0.6431934875660599,0.703125,0.5920448617631716,0.816628341477436,wellness_optin,True
dropped_out,7,10,10,False,0.7220284569523922,0.8,0.5,1.0,wellness_optin,True
declined,0,285,267,True,0.08066169444371356,0.06315789473684211,0.036231884057971016,0.09307268618774125,wellness_optin,True
declined,1,977,884,True,0.14755419867116254,0.1555783009211873,0.13392230016798906,0.1769319549068843,wellness_optin,True
declined,2,282,268,True,0.2382305793917843,0.23404255319148937,0.18532109782109782,0.28363636363636363,wellness_optin,True
declined,3,37,36,False,0.3330359741552473,0.32432432432432434,0.17709150326797388,0.4843841642228738,wellness_optin,True
declined,4,3,3,False,0.410132160217146,0.6666666666666666,0.0,1.0,wellness_optin,True
