arm,slice,group,events,people,accuracy,macro_f1,balanced_accuracy,log_loss,brier,macro_auc,top_ece,classwise_ece
prior,age,30–39,741,654,0.29284750337381915,0.0906054279749478,0.2,1.5412834860426534,0.7718400011996586,0.5034789875244821,0.020397939527699693,0.020182129898922492
prior,age,40–49,824,712,0.25606796116504854,0.08154589371980676,0.2,1.5507996930076124,0.7762153604368877,0.5018696669400514,0.016392326898166998,0.015964903281261218
prior,age,50+,1102,954,0.28402903811252267,0.08848056537102474,0.2,1.57893171039906,0.7875291621859198,0.49394615762550653,0.011574768903097166,0.013034226035582125
prior,age,<30,594,520,0.2542087542087542,0.0810738255033557,0.2,1.590705018961704,0.7927186607429398,0.5003192630534555,0.018237861079068718,0.019063030610565017
prior,age,missing,57,51,0.21052631578947367,0.06956521739130435,0.2,1.592779843380175,0.7938067010047418,0.4837846793440643,0.06193059614196278,0.030744896420351685
prior,context_domain,external_event,221,217,0.2579185520361991,0.08201438848920864,0.2,1.6009566441002856,0.7973848042720558,0.4411749134499323,0.014505622313397193,0.0537526300005554
prior,context_domain,formal_training,2491,2249,0.27338418305901246,0.08587641866330391,0.2,1.5657213406351305,0.7820572023915676,0.5067210920406462,0.0009287741276913231,0.0037404929047383296
prior,context_domain,on_the_job,606,588,0.2739273927392739,0.08601036269430051,0.2,1.5537569464080734,0.7775369111466723,0.49035737228276394,0.0014716565598546505,0.01750644428668701
prior,wellness_optin,False,1734,1494,0.2820069204152249,0.08798920377867746,0.2,1.5598242695316802,0.7798875859684093,0.49350001334339133,0.00955341932592807,0.005279307449540383
prior,wellness_optin,True,1584,1397,0.2619949494949495,0.0830415207603802,0.2,1.5725155959745152,0.7848414311787758,0.5053738303253097,0.010458315287291076,0.005779280141707183
prior,intervention,coaching_1on1,681,661,0.2143906020558003,0.07061668681983072,0.2,1.5968355516813868,0.7946772754888629,0.4917948798643166,0.05806773417917387,0.023227093671669547
prior,intervention,peer_workshop,658,634,0.29027355623100304,0.08998822143698468,0.2,1.5589553690757152,0.7797175287038504,0.48499841815367334,0.017825821355782867,0.012590138103530085
prior,intervention,reading_pack,660,645,0.2787878787878788,0.08720379146919431,0.2,1.570668951590904,0.7844370632443456,0.5017704199444765,0.006329542084015649,0.013172997607493664
prior,intervention,self_paced_video,664,641,0.29066265060240964,0.09008168028004668,0.2,1.550553897535194,0.7759453918615962,0.5011769757044721,0.018212697904386232,0.010469040873835572
prior,intervention,simulation_exercise,655,642,0.2900763358778626,0.08994082840236686,0.2,1.5513786989791682,0.7760738024793675,0.5097161046784418,0.017623916085556968,0.012868521344762147
prior,age_x_context,30–39 / external_event,54,54,0.3148148148148148,0.09577464788732394,0.2,1.5861855209518974,0.7925598379916946,0.3769138678415408,0.0423716514082192,0.08988573522936606
prior,age_x_context,30–39 / formal_training,566,510,0.2791519434628975,0.08729281767955802,0.2,1.5489283545388663,0.7747634691532684,0.5104487008363228,0.006700454757871954,0.023178237912951705
prior,age_x_context,30–39 / on_the_job,121,119,0.34710743801652894,0.10306748466257669,0.2,1.485484267414921,0.7489180669144258,0.5138778240471907,0.07466402166137309,0.05653876739089277
prior,age_x_context,40–49 / external_event,52,52,0.3076923076923077,0.09411764705882353,0.2,1.5611248973915806,0.7813215555772574,0.4278511755579425,0.03527522518141096,0.059717791408363995
prior,age_x_context,40–49 / formal_training,611,548,0.2569558101472995,0.08177083333333333,0.2,1.546162322970589,0.7742930156305253,0.5067251786226298,0.015504277931342014,0.018796890619403508
prior,age_x_context,40–49 / on_the_job,161,155,0.2360248447204969,0.07638190954773869,0.2,1.5650638076949104,0.7818615127933358,0.5085329344002232,0.036450156878714224,0.02946147409303923
prior,age_x_context,50+ / external_event,70,68,0.2,0.06666666666666667,0.2,1.6238315590786465,0.8053915846119618,0.43009050786306424,0.07242199479002254,0.05995711915699653
prior,age_x_context,50+ / formal_training,825,742,0.29454545454545455,0.09101123595505618,0.2,1.5755685335835425,0.7860404792281354,0.5060605822568774,0.022089200538717102,0.017717009553296314
prior,age_x_context,50+ / on_the_job,207,198,0.27053140096618356,0.08517110266159696,0.2,1.5771521522600809,0.7874218861972693,0.4646817475284105,0.001925871874043139,0.025841235456013974
prior,age_x_context,<30 / external_event,40,38,0.175,0.05957446808510638,0.2,1.6701622232598126,0.8262965198679811,0.5343295093795094,0.09741735106161048,0.09294286135982074
prior,age_x_context,<30 / formal_training,448,410,0.25892857142857145,0.08226950354609928,0.2,1.58759501931235,0.7912320346090987,0.5056138697761943,0.013522285486812946,0.015156977863374022
prior,age_x_context,<30 / on_the_job,106,105,0.2641509433962264,0.08358208955223881,0.2,1.5738653177445925,0.7863308696387807,0.4805430616633265,0.008288788117077062,0.023881396873931683
prior,age_x_context,missing / external_event,5,5,0.6,0.15,0.5,1.3008414969001303,0.6731635769997816,,0.3276220522056037,0.18212777359122495
prior,age_x_context,missing / formal_training,41,39,0.17073170731707318,0.058333333333333334,0.2,1.6518688453591817,0.8180484926416116,0.4863837959426195,0.10174082368721456,0.06173343915498856
prior,age_x_context,missing / on_the_job,11,11,0.18181818181818182,0.06153846153846154,0.3333333333333333,1.505238266222078,0.7582887158150281,,0.09061640635855445,0.15633149602367796
context,age,30–39,741,654,0.3076923076923077,0.19098332391391729,0.2206315476356074,1.552543242673264,0.7767495818365584,0.5345869051375033,0.028970782885693203,0.03898222065508413
context,age,40–49,824,712,0.2912621359223301,0.1707602782552176,0.21207387775145206,1.5620896388934735,0.7813899300793908,0.531387989798753,0.018040426078730788,0.032184368290410215
context,age,50+,1102,954,0.26678765880217786,0.16330706986687155,0.20866469549868877,1.5799237956778638,0.7884175280035683,0.5284173247091083,0.011135531845876795,0.021684860222975045
context,age,<30,594,520,0.2895622895622896,0.1917214561009081,0.23940986238063983,1.5735500494281713,0.7855332502638495,0.5600394939287641,0.043035645702075964,0.020822444457665058
context,age,missing,57,51,0.2982456140350877,0.19073847409220726,0.24734848484848487,1.5792999869741275,0.7861826016602879,0.5441735251316376,0.022498015278918197,0.04162686843606076
context,context_domain,external_event,221,217,0.22624434389140272,0.16632914065799972,0.18106784097340123,1.56540561042345,0.7855036161913826,0.49929603163253156,0.04025458891580287,0.038409802876340306
context,context_domain,formal_training,2491,2249,0.28783621035728624,0.16926872042350943,0.21579715823896728,1.5732152273935462,0.7853642589011256,0.5228550495419721,0.01656078929450607,0.022566452930237988
context,context_domain,on_the_job,606,588,0.30363036303630364,0.16846764410162607,0.2189750939368616,1.5487582267047348,0.775170543294726,0.5401539753261251,0.03556099122316191,0.036355546452055625
context,wellness_optin,False,1734,1494,0.2831603229527105,0.17756309299509793,0.213197318356548,1.5679264325440079,0.7834802455706085,0.5260879298943199,0.017942032679301483,0.026875593432874722
context,wellness_optin,True,1584,1397,0.2904040404040404,0.17654666461429794,0.22317819211540485,1.568558600184764,0.7835462572715708,0.5474778676772354,0.016517587175206076,0.017103083506539746
context,intervention,coaching_1on1,681,661,0.28634361233480177,0.19489318927842114,0.23171665456942878,1.5929893517393114,0.7932502783249538,0.5170696058025904,0.028006649378719273,0.022965168574305993
context,intervention,peer_workshop,658,634,0.28419452887537994,0.15552330477092619,0.2063676163969665,1.5617950884857685,0.7816463381445263,0.5303363780253816,0.012682341670385271,0.02585008961951889
context,intervention,reading_pack,660,645,0.2787878787878788,0.17017126440808603,0.21303371225438497,1.565197219411754,0.7829762050394369,0.544851675841568,0.020997566131168238,0.024263884551163566
context,intervention,self_paced_video,664,641,0.28463855421686746,0.15951210122827508,0.2030183933844305,1.5540506185979086,0.7779084260429786,0.5345502658755272,0.0026233323851959007,0.026478514692426403
context,intervention,simulation_exercise,655,642,0.29923664122137406,0.17862527003967515,0.21696213784074567,1.566373380771145,0.7814806062299929,0.507903712288277,0.024623790142051745,0.03149704907201533
context,age_x_context,30–39 / external_event,54,54,0.25925925925925924,0.1777523518942283,0.20653594771241832,1.539644869760482,0.7756535723107457,0.46694115499146943,0.005988869611342758,0.07882067016669751
context,age_x_context,30–39 / formal_training,566,510,0.2950530035335689,0.16958652398717194,0.21007886480238244,1.5677032056221516,0.7831412979910582,0.5081197294512763,0.017484613263893445,0.03870398536400381
context,age_x_context,30–39 / on_the_job,121,119,0.3884297520661157,0.22530048448613543,0.24359272164150214,1.4873859956337587,0.7473402691997557,0.5578242957352477,0.10139098838771524,0.08079817731151848
context,age_x_context,40–49 / external_event,52,52,0.25,0.20217391304347826,0.19642857142857142,1.5439288107524842,0.7783875052497413,0.5040675349087003,0.018726828838660822,0.06714581055867509
context,age_x_context,40–49 / formal_training,611,548,0.29132569558101473,0.15995801071736065,0.20695884943620454,1.5672249071839335,0.7830594439749309,0.5091958661707872,0.01483465341595684,0.033750062450075655
context,age_x_context,40–49 / on_the_job,161,155,0.30434782608695654,0.17174803338737765,0.22519298245614036,1.5484667453398095,0.7760238002717319,0.5730771418817533,0.03930597291902928,0.037289534570648084
context,age_x_context,50+ / external_event,70,68,0.21428571428571427,0.15345607235142117,0.18253968253968253,1.5934819705050398,0.795140697350078,0.5092100672927741,0.053262338131242995,0.06008728872886906
context,age_x_context,50+ / formal_training,825,742,0.2703030303030303,0.15993286830925404,0.20777727627351425,1.5805152444491912,0.7883601437947099,0.5210207279147197,0.006510129736311544,0.024386517042724105
context,age_x_context,50+ / on_the_job,207,198,0.27053140096618356,0.1466143612485076,0.20980392156862746,1.5729816822757023,0.7863726976559963,0.5139696548499283,0.01532432556769166,0.04934395171487469
context,age_x_context,<30 / external_event,40,38,0.175,0.12,0.13904761904761903,1.5896103713944634,0.7950521612263776,0.46102135642135644,0.09254696306527674,0.0712892645126125
context,age_x_context,<30 / formal_training,448,410,0.30580357142857145,0.19168969426924248,0.2472030415995933,1.571243546576971,0.7845626853514024,0.5608511036782172,0.05834908603363861,0.022421585052853365
context,age_x_context,<30 / on_the_job,106,105,0.2641509433962264,0.15091966476133548,0.20578559926386014,1.5772377890384184,0.7860432185872008,0.5036392404038397,0.02947793892994422,0.04381568635180653
context,age_x_context,missing / external_event,5,5,0.2,0.06666666666666667,0.16666666666666666,1.4802731972511847,0.7545841473936277,,0.06579734239889562,0.21698692351087212
context,age_x_context,missing / formal_training,41,39,0.2926829268292683,0.1931216931216931,0.29437229437229434,1.613232029969191,0.7988749347077584,0.5399496010525422,0.020073932463489628,0.06746787275139202
context,age_x_context,missing / on_the_job,11,11,0.36363636363636365,0.17230769230769233,0.3666666666666667,1.4978381856847747,0.7532377486045607,,0.07166748653543116,0.16141567844595245
demographics,age,30–39,741,654,0.2968960863697706,0.17919201758845188,0.21117529863476636,1.5433295805328466,0.7728689423082679,0.5421128900448455,0.010198262406901977,0.032091031948644114
demographics,age,40–49,824,712,0.2924757281553398,0.17084842776624506,0.210282871048526,1.554640001606348,0.7778689959742059,0.5341683368335037,0.012109414287387443,0.02973539037610177
demographics,age,50+,1102,954,0.26497277676951,0.16191476382893355,0.20403314269172879,1.5854432473345759,0.7896700588609014,0.5129356104337349,0.005018914587706897,0.01862263792064328
demographics,age,<30,594,520,0.2828282828282828,0.19988636315405245,0.236568751750485,1.5806051851913887,0.7882592472568715,0.5439500328559671,0.020172798893742287,0.020944350476772462
demographics,age,missing,57,51,0.2807017543859649,0.1892929292929293,0.23484848484848486,1.6001959347237207,0.795966244734699,0.5257734352564681,0.07778223300960697,0.05646750326624694
demographics,context_domain,external_event,221,217,0.23529411764705882,0.1714927758093226,0.18797573571024334,1.5635956854252617,0.784645457683544,0.5129259342370776,0.028494040377576746,0.04465094352903872
demographics,context_domain,formal_training,2491,2249,0.2810116419108792,0.16539154111672666,0.21041917095860163,1.5724048770456163,0.7845854209605151,0.5222178226553437,0.004565274217917863,0.0216536996051983
demographics,context_domain,on_the_job,606,588,0.30528052805280526,0.1807112318062332,0.22346627003555924,1.5502714391823382,0.7750222489399977,0.5404550032580141,0.024350752921929012,0.03930843760640741
demographics,wellness_optin,False,1734,1494,0.27335640138408307,0.16804462858522454,0.2044874974251897,1.5729010110263386,0.7849207806584072,0.5135726880544427,0.006932958393641256,0.02835935643166949
demographics,wellness_optin,True,1584,1397,0.2922979797979798,0.1879778908716102,0.2276424808471546,1.56216498372755,0.7805680422706228,0.5595765327143769,0.014255329687400214,0.016895931844481203
demographics,intervention,coaching_1on1,681,661,0.27606461086637296,0.1978217089110617,0.2275264195358277,1.5888807868023223,0.7910573476076754,0.5299287371149438,0.008909029214538853,0.020292520096970745
demographics,intervention,peer_workshop,658,634,0.2933130699088146,0.1771473994589737,0.21809402673389164,1.5613808457182095,0.780592501223567,0.5315055880464906,0.023661330736625127,0.02820913270359674
demographics,intervention,reading_pack,660,645,0.25606060606060604,0.16072890450896077,0.19701160201570372,1.5651507125423774,0.7822809936004922,0.5441474587085668,0.025291942005082,0.025881576896977797
demographics,intervention,self_paced_video,664,641,0.2996987951807229,0.16783523529693736,0.21338108768494862,1.5622913588684852,0.7811151944290742,0.5198990300340002,0.03326241058587853,0.03405730739259217
demographics,intervention,simulation_exercise,655,642,0.2870229007633588,0.15910369024293075,0.20337727114042906,1.5604615915763416,0.7788802262827187,0.5228148633836524,0.0171046265238613,0.029606257406995427
demographics,age_x_context,30–39 / external_event,54,54,0.25925925925925924,0.17391937391937393,0.20653594771241832,1.541228763874087,0.7759417883870603,0.43825187916197905,0.05982169898256968,0.07597411324632605
demographics,age_x_context,30–39 / formal_training,566,510,0.2826855123674912,0.15693336677535324,0.19872791358467573,1.557186647439446,0.7789029921465508,0.5172992436186356,0.005029173534837778,0.029941702224309186
demographics,age_x_context,30–39 / on_the_job,121,119,0.38016528925619836,0.2182178217821782,0.2389469608981804,1.4794481278918372,0.7432721993601445,0.5456137646254302,0.08886711515495953,0.0746803113971938
demographics,age_x_context,40–49 / external_event,52,52,0.28846153846153844,0.22808441558441558,0.2339285714285714,1.5338093744388634,0.7741172049094168,0.55937455245256,0.0676124617825585,0.056324528274475386
demographics,age_x_context,40–49 / formal_training,611,548,0.281505728314239,0.15078312501559266,0.19548572613483514,1.5593310838138847,0.7795198716640864,0.5116322042572309,0.01017636222187825,0.030982850392397836
demographics,age_x_context,40–49 / on_the_job,161,155,0.33540372670807456,0.19804727804727804,0.24952631578947368,1.5435651033697284,0.7728156300664547,0.5799501978157487,0.048929103901070095,0.042888435769342675
demographics,age_x_context,50+ / external_event,70,68,0.18571428571428572,0.1309941520467836,0.1634920634920635,1.6073346661958414,0.8010812865914704,0.497706491503484,0.07356208961870342,0.06581457413393038
demographics,age_x_context,50+ / formal_training,825,742,0.27515151515151515,0.15948423074523002,0.20617347560899618,1.585981124589928,0.7894338603286621,0.5050410632941139,0.00645503343894813,0.02342562714556247
demographics,age_x_context,50+ / on_the_job,207,198,0.25120772946859904,0.14823373295140313,0.19408486798974905,1.5758966383686144,0.7867525605418545,0.5030466467481666,0.02080357623016333,0.04123100475002285
demographics,age_x_context,<30 / external_event,40,38,0.225,0.1236842105263158,0.15047619047619049,1.5675874981727718,0.7857367024340359,0.4609582972582972,0.041185153419738135,0.06926652076354059
demographics,age_x_context,<30 / formal_training,448,410,0.28794642857142855,0.18683927560134383,0.233952808607981,1.579885070240739,0.7879983692980839,0.5428534290379464,0.02042056108776304,0.020760616568402716
demographics,age_x_context,<30 / on_the_job,106,105,0.2830188679245283,0.1749314251639833,0.2216241085806303,1.5885610246124793,0.7903137295064026,0.4807581467933709,0.0192185167262887,0.04721399594526797
demographics,age_x_context,missing / external_event,5,5,0.2,0.06666666666666667,0.16666666666666666,1.4706558396682936,0.7493073522215816,,0.05992526311598273,0.21300460781630845
demographics,age_x_context,missing / formal_training,41,39,0.2926829268292683,0.20833333333333331,0.29437229437229434,1.6224067025628848,0.8036669330305022,0.5432533316356846,0.08921551306535379,0.08832958525568116
demographics,age_x_context,missing / on_the_job,11,11,0.2727272727272727,0.12987012987012986,0.3,1.5762922068938499,0.7884722667744865,,0.09776159649527306,0.19553408049074555
questionnaire,age,30–39,741,654,0.4601889338731444,0.2764053721260936,0.32590453733806213,1.4145291324294353,0.7011749986643192,0.6348881103759227,0.06724472716485187,0.029002596120218504
questionnaire,age,40–49,824,712,0.4344660194174757,0.26443731867460685,0.3174839097599621,1.4306835013030215,0.7136486845870119,0.6405107943603332,0.05004622703858779,0.02908211818445231
questionnaire,age,50+,1102,954,0.3502722323049002,0.2306919533373563,0.2768437774873639,1.5263054110366114,0.7572994776487816,0.5965566647989773,0.03189883730159073,0.022290870806429868
questionnaire,age,<30,594,520,0.39057239057239057,0.2717005641778757,0.3255482056832598,1.4698097751082764,0.731200910334572,0.6312631286167354,0.03284833745168085,0.02864619578537799
questionnaire,age,missing,57,51,0.42105263157894735,0.2661290322580645,0.34318181818181814,1.4928972671431848,0.7407491002467474,0.6181592636969094,0.09324535500663607,0.05734288566082844
questionnaire,context_domain,external_event,221,217,0.3574660633484163,0.24141428195389766,0.284375,1.4732206921897455,0.7448932295950585,0.6196503665652472,0.0549098614071143,0.04240804236646541
questionnaire,context_domain,formal_training,2491,2249,0.4050582095543958,0.24992816544607727,0.3062514860362021,1.4725908105743302,0.7304301564948122,0.6168718750234007,0.025882794668811764,0.01892936124448586
questionnaire,context_domain,on_the_job,606,588,0.4174917491749175,0.2580575424011915,0.30834448153222055,1.4412450886025328,0.7171523603343738,0.6312017806558237,0.03259583487360529,0.025403019754743232
questionnaire,wellness_optin,False,1734,1494,0.40426758938869667,0.25362510556751405,0.303809623827969,1.4690277239790752,0.7282948978216144,0.617195847364947,0.0297802779405616,0.022042866928877913
questionnaire,wellness_optin,True,1584,1397,0.40404040404040403,0.2652732637377608,0.3160042807335402,1.4645870785530355,0.7297057456496443,0.6349547492342403,0.02555066839995865,0.0148334573738855
questionnaire,intervention,coaching_1on1,681,661,0.36123348017621143,0.25527345116938943,0.30305726496097424,1.5279423195515238,0.7594288196957124,0.5919593158693985,0.020560533558451024,0.028847326094774434
questionnaire,intervention,peer_workshop,658,634,0.43465045592705165,0.2729165143713418,0.3282307834878535,1.4206219846537163,0.7080427874625435,0.6530356778522015,0.04876678151621834,0.026679162227340885
questionnaire,intervention,reading_pack,660,645,0.3878787878787879,0.24377355699872885,0.29876108441736005,1.466174748783181,0.728567031504067,0.6279180698642344,0.03703573023621712,0.023206984932191425
questionnaire,intervention,self_paced_video,664,641,0.4126506024096386,0.256343670709916,0.302857532576564,1.4616815970208539,0.7260572466822495,0.6198607800971555,0.029831817851060892,0.02189531288557587
questionnaire,intervention,simulation_exercise,655,642,0.4259541984732824,0.2583882217330483,0.30918967053304913,1.455984894156099,0.7216760625631825,0.6162149807437631,0.03907186915899146,0.022637602088040554
questionnaire,age_x_context,30–39 / external_event,54,54,0.3888888888888889,0.25917016317016317,0.30980392156862746,1.4313735946790926,0.7228949487251733,0.567592834653508,0.08525212376994873,0.09741526845189784
questionnaire,age_x_context,30–39 / formal_training,566,510,0.450530035335689,0.2652917594641261,0.32010422879234973,1.4281434802858373,0.7069366177742251,0.6308485698599661,0.061546516919748315,0.030648337381467782
questionnaire,age_x_context,30–39 / on_the_job,121,119,0.5371900826446281,0.25686813186813184,0.3130081300813008,1.3433281254194787,0.6645307530486761,0.5766885107616337,0.11930382736069059,0.06131861059903565
questionnaire,age_x_context,40–49 / external_event,52,52,0.4423076923076923,0.28391692184795636,0.32142857142857145,1.414759712902224,0.7160403512244987,0.6875118600071608,0.11386245858700221,0.0797707221273903
questionnaire,age_x_context,40–49 / formal_training,611,548,0.4402618657937807,0.2502679178179344,0.311463117816997,1.431152011994439,0.713264643868453,0.6253170563984163,0.05194654655008317,0.031211569765655735
questionnaire,age_x_context,40–49 / on_the_job,161,155,0.40993788819875776,0.2571053296286941,0.3117017543859649,1.4340485756159727,0.7143336672819817,0.662840357083224,0.03795772806469925,0.06175710250124259
questionnaire,age_x_context,50+ / external_event,70,68,0.24285714285714285,0.17002457002457003,0.21428571428571427,1.5918458804606892,0.8027919560708296,0.5968018718958569,0.14053457097754177,0.09080494538468355
questionnaire,age_x_context,50+ / formal_training,825,742,0.3575757575757576,0.22615020384712273,0.276212982778862,1.5243510817803536,0.7541555430240797,0.5913501888441465,0.035183344412475025,0.02759643837321831
questionnaire,age_x_context,50+ / on_the_job,207,198,0.357487922705314,0.24540467982317277,0.28721664697884974,1.5119309606826385,0.7544457219764894,0.5993198764243264,0.02978140361855318,0.03769622780847366
questionnaire,age_x_context,<30 / external_event,40,38,0.375,0.2655882352941176,0.3371428571428571,1.4032875445357693,0.714602243083199,0.6666008658008657,0.030140556232698113,0.09022701489045079
questionnaire,age_x_context,<30 / formal_training,448,410,0.390625,0.25916285757276847,0.3190941709734813,1.4836552086630992,0.7363736593819531,0.615239467060344,0.02732882256297339,0.03521743693589978
questionnaire,age_x_context,<30 / on_the_job,106,105,0.39622641509433965,0.2513950480413895,0.3096848401196227,1.4363959542624252,0.7156023737008756,0.6334792194669328,0.09851122444303134,0.05912290531183234
questionnaire,age_x_context,missing / external_event,5,5,0.6,0.26,0.5833333333333333,1.431876075333633,0.7142903194777213,,0.2622411138410598,0.2736672314933224
questionnaire,age_x_context,missing / formal_training,41,39,0.36585365853658536,0.24909090909090909,0.3673881673881674,1.5413035126929346,0.7682188869941564,0.6444211017740429,0.09679711519332398,0.08844776753358738
questionnaire,age_x_context,missing / on_the_job,11,11,0.5454545454545454,0.24285714285714288,0.5,1.3402108936439163,0.6503884318105077,,0.21913169789744655,0.16240374154641563
personality_no_age,age,30–39,741,654,0.47233468286099867,0.2953160341981416,0.33892444818357637,1.3495993566269031,0.6682407714534523,0.6778240945915476,0.06479655155678149,0.03470865746467966
personality_no_age,age,40–49,824,712,0.4550970873786408,0.3111958571318973,0.3455852311095856,1.3828981871550323,0.6878649508547232,0.663663758739651,0.03712149716263229,0.030809257173962212
personality_no_age,age,50+,1102,954,0.38294010889292196,0.24862217051823943,0.30281012612985003,1.485300447263235,0.7368348135527846,0.6303024691057023,0.056259084707009674,0.02951857057770325
personality_no_age,age,<30,594,520,0.43602693602693604,0.3017335833452499,0.3634294642629523,1.3976171403611282,0.69557910987336,0.679925977115289,0.054191641417045446,0.037280015502955524
personality_no_age,age,missing,57,51,0.42105263157894735,0.28070807595515895,0.34469696969696967,1.4239772990850752,0.7032481589018209,0.6828694581016956,0.11586072938393088,0.08434248529369934
personality_no_age,context_domain,external_event,221,217,0.4298642533936652,0.2923837200615578,0.3425438596491228,1.3909793965540713,0.6986440021702435,0.674948939085065,0.06402974772136236,0.04423637610479377
personality_no_age,context_domain,formal_training,2491,2249,0.42713769570453636,0.27431755603932,0.325761231027154,1.4163961061692858,0.7026766629235738,0.6550355592848475,0.03417974160719766,0.020909679705966078
personality_no_age,context_domain,on_the_job,606,588,0.4471947194719472,0.28190309741557523,0.332371420504079,1.406046968113177,0.6971127725848217,0.6464690539760178,0.045238697468169664,0.03396333941671723
personality_no_age,wellness_optin,False,1734,1494,0.4371395617070358,0.2874495093929389,0.33305618229827905,1.414324870608192,0.7003292255115523,0.6484958628321073,0.04224327995157007,0.028118519563947963
personality_no_age,wellness_optin,True,1584,1397,0.42424242424242425,0.283444700404885,0.33299525831049237,1.4111580076692685,0.7025551483406669,0.6704398109148269,0.03333196187654276,0.017031595565347436
personality_no_age,intervention,coaching_1on1,681,661,0.3832599118942731,0.26965073978923615,0.3204771994188986,1.4924431328086558,0.7436609227307368,0.622285725044897,0.03741040046027423,0.03182292085037053
personality_no_age,intervention,peer_workshop,658,634,0.46504559270516715,0.3015098095160458,0.3538136398623944,1.365178947519393,0.6801640072692304,0.6767204647743845,0.06159545803222098,0.03576602902476268
personality_no_age,intervention,reading_pack,660,645,0.40606060606060607,0.2636487305939511,0.3152954478976408,1.4241648750779567,0.7087602183250808,0.6532489076398432,0.04361097902276382,0.030087766664680715
personality_no_age,intervention,self_paced_video,664,641,0.4457831325301205,0.2906213236566867,0.332181048273886,1.3939758382647824,0.6896027626316055,0.6619536307635785,0.05291967093270598,0.02349433313851047
personality_no_age,intervention,simulation_exercise,655,642,0.45648854961832064,0.2971450956424708,0.33848542160511597,1.3855317781877925,0.6832965623876694,0.6625422050174969,0.05765340930211411,0.027195912053583814
personality_no_age,age_x_context,30–39 / external_event,54,54,0.5,0.3323343079922027,0.4013071895424837,1.319680657479259,0.6614402395142603,0.6334288162645544,0.11185027547638061,0.09209001483519452
personality_no_age,age_x_context,30–39 / formal_training,566,510,0.4575971731448763,0.2746902054399382,0.3262314805118154,1.3689893069367354,0.6769125742066421,0.6703006309473359,0.05054226714887196,0.03527959073922597
personality_no_age,age_x_context,30–39 / on_the_job,121,119,0.5289256198347108,0.2967002652519894,0.3253890824622532,1.2722514052104372,0.6307117496882533,0.639675640518608,0.13589939668435863,0.0722496750391618
personality_no_age,age_x_context,40–49 / external_event,52,52,0.5,0.330656958910574,0.3625,1.3464797004002622,0.6803567878554048,0.6987440327007997,0.11710574685037903,0.07001911230228866
personality_no_age,age_x_context,40–49 / formal_training,611,548,0.44844517184942717,0.2917527584346855,0.3313161268372112,1.3890896267216881,0.6898399315815461,0.6501118296890306,0.028854157132614126,0.03491646495593069
personality_no_age,age_x_context,40–49 / on_the_job,161,155,0.4658385093167702,0.3166157665007182,0.36680701754385964,1.3711639743352897,0.682794834406747,0.6920941588006639,0.060240204873054204,0.0469317042527803
personality_no_age,age_x_context,50+ / external_event,70,68,0.32857142857142857,0.2214323467230444,0.2873015873015873,1.505846054658696,0.7514528927001168,0.657796161649545,0.11757384866665557,0.089068714504588
personality_no_age,age_x_context,50+ / formal_training,825,742,0.38666666666666666,0.24662724547075573,0.3008041835226437,1.4729131311118882,0.7311493229170022,0.6358895790628317,0.06405835197548175,0.030294307161862377
personality_no_age,age_x_context,50+ / on_the_job,207,198,0.3864734299516908,0.2507745078761661,0.30874323724761765,1.5277223956070949,0.7545510658919496,0.5845963389505584,0.06349669281362759,0.05592824425087086
personality_no_age,age_x_context,<30 / external_event,40,38,0.4,0.29787878787878785,0.3504761904761905,1.3681252015534022,0.6927115685014819,0.6562066378066378,0.061029834574658826,0.0886046223195736
personality_no_age,age_x_context,<30 / formal_training,448,410,0.4375,0.2928272993419818,0.3577835296111158,1.402508508938084,0.6967860339712518,0.6728145599644876,0.06252336798924789,0.03745101484234726
personality_no_age,age_x_context,<30 / on_the_job,106,105,0.44339622641509435,0.2707913139492087,0.34744448504039294,1.3880732198878538,0.6915602387320358,0.6714124655336876,0.04435017644984413,0.07673978012587253
personality_no_age,age_x_context,missing / external_event,5,5,0.6,0.29333333333333333,0.5833333333333333,1.1985029651022647,0.5987666696610487,,0.22435270764026974,0.24425749100829447
personality_no_age,age_x_context,missing / formal_training,41,39,0.3902439024390244,0.2847004608294931,0.38961038961038963,1.4922889181214212,0.7410857931631906,0.6831625074272132,0.08403471397585534,0.08675528150089527
personality_no_age,age_x_context,missing / on_the_job,11,11,0.45454545454545453,0.20307692307692307,0.43333333333333335,1.2718495981236089,0.6097085626734311,,0.2804003836894137,0.20509903939484458
personality,age,30–39,741,654,0.4898785425101215,0.30506641630371156,0.3502783929169046,1.342314987572958,0.6633067896004227,0.681895243633445,0.056386489562538174,0.027886237316294128
personality,age,40–49,824,712,0.4538834951456311,0.29710105474071014,0.33951462557719325,1.3808841324175376,0.686778117732843,0.6647850432085045,0.03436544512497762,0.030347147052501633
personality,age,50+,1102,954,0.3738656987295826,0.24636464353407087,0.29617475578117236,1.4851957822779736,0.7362299128886537,0.6248668154217628,0.055414455737207456,0.029038121603033908
personality,age,<30,594,520,0.4276094276094276,0.2988962479383769,0.356167384523764,1.4010184641213645,0.6968468069528776,0.6757197518513098,0.05301384334659914,0.03781708411548555
personality,age,missing,57,51,0.42105263157894735,0.2818276819844347,0.34469696969696967,1.4311705708472469,0.7053884459238444,0.6810922755811408,0.10271197567106784,0.08629530081213665
personality,context_domain,external_event,221,217,0.4298642533936652,0.2945258077604801,0.34216008771929823,1.3915594414019798,0.6989723835494887,0.6747323010951225,0.0669576932014267,0.05091473417020256
personality,context_domain,formal_training,2491,2249,0.42713769570453636,0.2716560529501925,0.3246635642207893,1.4147955863661021,0.70130394434349,0.6559162595977253,0.03022849035017141,0.020149676258984464
personality,context_domain,on_the_job,606,588,0.44224422442244227,0.27635392325185204,0.3273855969922458,1.4045889950701742,0.695468624971403,0.6486961696249562,0.033484737090417244,0.03361494645302932
personality,wellness_optin,False,1734,1494,0.43252595155709345,0.28214033920687154,0.328301060747152,1.4141158723607414,0.6995998621882146,0.6464675619164801,0.04064290458491551,0.028227385378028803
personality,wellness_optin,True,1584,1397,0.4273989898989899,0.28465029726245866,0.3350804500735606,1.4083929611911599,0.7006116463525106,0.6747787339826371,0.022590599592584394,0.016023296309451984
personality,intervention,coaching_1on1,681,661,0.37738619676945667,0.25839084338495655,0.3126723675578479,1.4917646429445066,0.7422333163187483,0.6244819147722186,0.028051378446274016,0.03046375968067752
personality,intervention,peer_workshop,658,634,0.47112462006079026,0.31838605369723366,0.3631618329336004,1.3629499221168195,0.6790771828684482,0.6787202918362961,0.0571472954457565,0.027618781267044156
personality,intervention,reading_pack,660,645,0.4090909090909091,0.26134906589790186,0.3162968542025746,1.4194372972870717,0.705405592395409,0.6565370559742372,0.029408760309536357,0.031140877725763755
personality,intervention,self_paced_video,664,641,0.4442771084337349,0.2851780984115021,0.329329795120109,1.396003818897695,0.6903899642063025,0.6574981806779444,0.04441513630459467,0.027561522814318607
personality,intervention,simulation_exercise,655,642,0.45038167938931295,0.29184209674890604,0.3329868063038691,1.3839441994575727,0.68182398000348,0.6639061067849832,0.06197161096449594,0.027861237125236173
personality,age_x_context,30–39 / external_event,54,54,0.48148148148148145,0.3228331780055918,0.3895424836601308,1.328620972397528,0.665728930136756,0.6308630225759341,0.10161169727741529,0.0971295373230219
personality,age_x_context,30–39 / formal_training,566,510,0.4717314487632509,0.28399464173028105,0.3363568694820324,1.3607162266489097,0.6719506901674611,0.6771992060753933,0.03991177436452924,0.02944935989122182
personality,age_x_context,30–39 / on_the_job,121,119,0.5785123966942148,0.31595305206329327,0.3543089430894309,1.2623511487505175,0.6217923820805403,0.6361801314725952,0.1463288374391898,0.06529449516330241
personality,age_x_context,40–49 / external_event,52,52,0.5192307692307693,0.34079783637592964,0.375,1.3377526211876425,0.6770777993602101,0.7038882921589688,0.1480509137602281,0.08782768927869536
personality,age_x_context,40–49 / formal_training,611,548,0.4500818330605565,0.2815252253474497,0.3280155275770646,1.3854764224302867,0.6882274523608123,0.6519118101444203,0.026649538605957035,0.033920455194840965
personality,age_x_context,40–49 / on_the_job,161,155,0.4472049689440994,0.27259960148749585,0.3390877192982456,1.3773869236359533,0.684410869892394,0.6900369043562946,0.08715466828253868,0.04986059635704966
personality,age_x_context,50+ / external_event,70,68,0.32857142857142857,0.23103676126931944,0.28095238095238095,1.506696971291886,0.7520075504008583,0.6582621847659442,0.07560518122149473,0.09338098483035459
personality,age_x_context,50+ / formal_training,825,742,0.3781818181818182,0.2380527251550228,0.2924597707337865,1.4734064461506498,0.730276367607056,0.6297717507906226,0.053735458713414085,0.02852937470267593
personality,age_x_context,50+ / on_the_job,207,198,0.3719806763285024,0.2585930409459821,0.30149840077875123,1.5249113333604287,0.7546223777749519,0.5785743306299567,0.06347421531139309,0.05586975683406812
personality,age_x_context,<30 / external_event,40,38,0.4,0.2974654377880184,0.3504761904761905,1.371748608150829,0.6931407810639423,0.6597936507936508,0.11068208435296381,0.10758960492987701
personality,age_x_context,<30 / formal_training,448,410,0.4330357142857143,0.29215634772944615,0.35434904967663583,1.4074466623860507,0.6990455294903083,0.6667834394607761,0.048186284000009114,0.03761117451832659
personality,age_x_context,<30 / on_the_job,106,105,0.41509433962264153,0.2604636219213325,0.32575136334727123,1.3848954586142137,0.6889525931678632,0.6748450025458678,0.08424714387215693,0.07419891916945792
personality,age_x_context,missing / external_event,5,5,0.6,0.29333333333333333,0.5833333333333333,1.1774470844296865,0.5898658399407006,,0.21210060646721535,0.2241679965352353
personality,age_x_context,missing / formal_training,41,39,0.3902439024390244,0.28493506493506493,0.38961038961038963,1.4992171811350148,0.7430892889003593,0.6845878957643663,0.11743319305508983,0.10685341537208703
personality,age_x_context,missing / on_the_job,11,11,0.45454545454545453,0.20307692307692307,0.43333333333333335,1.2928711536008206,0.6173773975491725,,0.28039503786203246,0.20671462584868777
logistic,age,30–39,741,654,0.4966261808367072,0.35216026649392285,0.37455135401754314,1.3658784292595485,0.6771029538397059,0.6668863355850243,0.10869205437805339,0.050453992044087695
logistic,age,40–49,824,712,0.44660194174757284,0.3016834722707532,0.33678885477336845,1.4011665526976194,0.6979139782500812,0.6440565624895251,0.06309401549418266,0.04565340521056967
logistic,age,50+,1102,954,0.3720508166969147,0.2796910519701088,0.3070393256706792,1.4916394788745104,0.7392388982699759,0.6265765724977032,0.02468907543865831,0.026065286511793018
logistic,age,<30,594,520,0.42592592592592593,0.3127054157309225,0.3591002289224262,1.419763249511791,0.7086852992896885,0.6626775500828177,0.052592296544577435,0.038588777925403266
logistic,age,missing,57,51,0.3157894736842105,0.23844225949489103,0.26969696969696966,1.5119452182126183,0.753312228124973,0.5760475759463034,0.15562928606579077,0.07735226030405222
logistic,context_domain,external_event,221,217,0.40271493212669685,0.3190167281467994,0.33935216064354434,1.4298455012233406,0.7206215519714668,0.6240358134824093,0.07002487268818813,0.050008956004214934
logistic,context_domain,formal_training,2491,2249,0.4283420313127258,0.3045626920585439,0.33726310572920104,1.4272217808215406,0.7086982502328694,0.6456650111071699,0.045215572972319276,0.02998015991787309
logistic,context_domain,on_the_job,606,588,0.4306930693069307,0.2865121643767984,0.32453165364052283,1.433628378011849,0.7107736521983974,0.6262552617200676,0.06907111263725324,0.03863762537275124
logistic,wellness_optin,False,1734,1494,0.43252595155709345,0.3107371920813569,0.33946997869350237,1.428163381070837,0.7093713200613273,0.6403331286984294,0.04728289797738495,0.03427496409406928
logistic,wellness_optin,True,1584,1397,0.42108585858585856,0.3034982601455167,0.3379835823693262,1.429008084656039,0.7104189826778152,0.6545370201652222,0.04922002849053258,0.02826257120471835
logistic,intervention,coaching_1on1,681,661,0.3656387665198238,0.2914823208576668,0.31483301969119315,1.4909528751316625,0.7422252566808365,0.6242069242776084,0.03484972151060197,0.033767816404240966
logistic,intervention,peer_workshop,658,634,0.44832826747720367,0.3134633904566927,0.34781205937892706,1.3910529373580731,0.6967300944965787,0.6590281260515748,0.061277891491883,0.035445789765263046
logistic,intervention,reading_pack,660,645,0.4075757575757576,0.287622455608952,0.3238831594984179,1.4454880685647833,0.7191706775001626,0.633100090562468,0.06054822360606281,0.03418683620483189
logistic,intervention,self_paced_video,664,641,0.4608433734939759,0.31875005341020096,0.35045717107063334,1.41077282719816,0.6964652059768108,0.6491576197160904,0.0721545595203588,0.03725480259528757
logistic,intervention,simulation_exercise,655,642,0.4549618320610687,0.2986462126678335,0.3370161357555246,1.402377229944103,0.6936552544288438,0.6482649588820889,0.07094931274100982,0.03839670806150931
logistic,age_x_context,30–39 / external_event,54,54,0.5185185185185185,0.36021978021978024,0.41307189542483663,1.3671858853510341,0.6939467466545379,0.6884478303346228,0.1542909838204531,0.10190411206848478
logistic,age_x_context,30–39 / formal_training,566,510,0.4734982332155477,0.33047572884380544,0.3572506821291689,1.3831495982661204,0.6837251202595835,0.65916168700512,0.08747449671455526,0.0505749969261823
logistic,age_x_context,30–39 / on_the_job,121,119,0.5950413223140496,0.3587798755865983,0.3818118466898955,1.284505831849134,0.6386094744541551,0.6265535506277382,0.1875911903090482,0.0819911791861075
logistic,age_x_context,40–49 / external_event,52,52,0.5,0.33421245421245427,0.3625,1.374356695348531,0.6919647871286796,0.6363268289772049,0.14495401792645607,0.074299166273422
logistic,age_x_context,40–49 / formal_training,611,548,0.4369885433715221,0.2818177941860885,0.3192426289771327,1.403275691748709,0.6981972603527634,0.634624235395307,0.06103926405140161,0.049217462190453296
logistic,age_x_context,40–49 / on_the_job,161,155,0.4658385093167702,0.3217671067589379,0.37066666666666664,1.4018213888587177,0.6987603917505405,0.6556059036684141,0.09004654745800648,0.052333216607098
logistic,age_x_context,50+ / external_event,70,68,0.2714285714285714,0.22300550191511456,0.24505494505494507,1.5376968993136337,0.7665869812878073,0.6162412670871318,0.16199393174000842,0.0749638573291532
logistic,age_x_context,50+ / formal_training,825,742,0.39636363636363636,0.29800338213517064,0.32495259289170053,1.4711904596689895,0.7300563482998964,0.6355928001399332,0.02493819367029224,0.02537715782806683
logistic,age_x_context,50+ / on_the_job,207,198,0.30917874396135264,0.21701222753854338,0.24878287012204411,1.5575642200040554,0.7665878737002533,0.5728847409827197,0.06864410924376499,0.05507426050220683
logistic,age_x_context,<30 / external_event,40,38,0.35,0.31623188405797104,0.3695238095238095,1.4104857367983565,0.7182059064167473,0.605547619047619,0.14594695725798942,0.1344170192102691
logistic,age_x_context,<30 / formal_training,448,410,0.43080357142857145,0.3138398254260642,0.3589814453952386,1.4224993835594775,0.7088573235811703,0.6593326006374639,0.06932803460842839,0.04130320364998419
logistic,age_x_context,<30 / on_the_job,106,105,0.4339622641509434,0.2795774647887324,0.33980906372210723,1.4117001594662613,0.7043655712928374,0.6401300560393752,0.09732269041996133,0.05162520986962893
logistic,age_x_context,missing / external_event,5,5,0.4,0.16,0.3333333333333333,1.32861147587803,0.6825489577682704,,0.044332515162547124,0.26570967146474944
logistic,age_x_context,missing / formal_training,41,39,0.2926829268292683,0.23218623481781378,0.29033189033189033,1.5593532362880582,0.7784348506301545,0.5757601222307105,0.1451621041535138,0.09963279483723861
logistic,age_x_context,missing / on_the_job,11,11,0.36363636363636365,0.20909090909090908,0.3666666666666667,1.4185761246289734,0.6918384853132525,,0.2683710242529939,0.1891002506541972
wellness,age,30–39,741,654,0.4979757085020243,0.31157651121587665,0.3568918613420179,1.3237248983955798,0.6543307626562049,0.6919828736147032,0.0614791527075364,0.028809765260310826
wellness,age,40–49,824,712,0.46359223300970875,0.2980892851576228,0.34414350379476893,1.3750655396604017,0.6835583794700443,0.6606329373661927,0.047385391679982396,0.030151555103336662
wellness,age,50+,1102,954,0.37568058076225047,0.24764688502144905,0.2978062464062732,1.4921126419338915,0.7391945912752004,0.6235469981753228,0.044484968279524625,0.03147830212145968
wellness,age,<30,594,520,0.4444444444444444,0.3243392099616592,0.37394277186781627,1.3898221951370584,0.691865932117646,0.6835596248044683,0.031445075796701895,0.030627329552657734
wellness,age,missing,57,51,0.40350877192982454,0.22911564625850342,0.3208333333333333,1.4301949055253382,0.7081670918001226,0.6642728106699474,0.11885637575557068,0.0744416464854695
wellness,context_domain,external_event,221,217,0.416289592760181,0.297178979516827,0.33786810776942355,1.3896620417787229,0.6962891362761818,0.6676022453589898,0.03558661237571079,0.046856266022753966
wellness,context_domain,formal_training,2491,2249,0.4355680449618627,0.2812994608808555,0.33274814571858663,1.4112808571137254,0.6993975228770364,0.6564353336939335,0.012660425304017927,0.015134429943941975
wellness,context_domain,on_the_job,606,588,0.4537953795379538,0.279783436544523,0.33400481433348006,1.3905971172036518,0.6897003278937126,0.6590963089481348,0.04254525584104226,0.026321475240252207
wellness,wellness_optin,False,1734,1494,0.4417531718569781,0.283166244850389,0.33394757170139033,1.4126612639256075,0.6986791836791636,0.6436930202620379,0.02421529923010162,0.02375280563636383
wellness,wellness_optin,True,1584,1397,0.43308080808080807,0.29577019871348675,0.34159982102796543,1.3988403710112354,0.6960402921765496,0.6799015059154666,0.03349352405484383,0.01250782200370493
wellness,intervention,coaching_1on1,681,661,0.37151248164464024,0.2560703402429059,0.3081775045441493,1.4902216543332616,0.7402893771691073,0.6205742876137001,0.036404197659454275,0.03189902290693132
wellness,intervention,peer_workshop,658,634,0.46656534954407297,0.30204651780280345,0.3542920378072608,1.361537668836287,0.6789559446543925,0.6763228740794791,0.03494937900784481,0.03135872183094256
wellness,intervention,reading_pack,660,645,0.42727272727272725,0.2831531294805346,0.3337633568003323,1.4117270035130955,0.7005673712579042,0.6655034751234379,0.029156042566834864,0.019396607170920573
wellness,intervention,self_paced_video,664,641,0.45331325301204817,0.29530494076178565,0.3374793935856025,1.3900724812919671,0.6866918223718157,0.6646790872117384,0.03973663704585467,0.026026151847017936
wellness,intervention,simulation_exercise,655,642,0.4717557251908397,0.3049877872468108,0.3490292107439815,1.3737970942550588,0.6790986485304873,0.6686745286530602,0.038895159941404626,0.023868734859765196
wellness,age_x_context,30–39 / external_event,54,54,0.5,0.3318518518518518,0.4013071895424837,1.3035245238623527,0.653154093391449,0.6437834041959088,0.09372796274628857,0.095060622334122
wellness,age_x_context,30–39 / formal_training,566,510,0.48056537102473496,0.29492310179835524,0.34513583041752666,1.3448056407690165,0.6642125062802365,0.683441220454968,0.05513023575975258,0.02989326672282928
wellness,age_x_context,30–39 / on_the_job,121,119,0.5785123966942148,0.30508098891730606,0.34585365853658534,1.2341308491511922,0.6086321944669073,0.666759633991905,0.12042575390204753,0.06523983729216512
wellness,age_x_context,40–49 / external_event,52,52,0.4807692307692308,0.3188278388278388,0.3505952380952381,1.3521427679569493,0.6865789035524309,0.6901322502685285,0.14549122653798077,0.07691796490451361
wellness,age_x_context,40–49 / formal_training,611,548,0.46317512274959083,0.28678000287181893,0.3358702187614121,1.380303325684807,0.6855491145912962,0.6494958014886618,0.03783289854478281,0.03234790451871526
wellness,age_x_context,40–49 / on_the_job,161,155,0.45962732919254656,0.28608754324762764,0.3484912280701754,1.3625916071614435,0.6750279048652675,0.6830207645744549,0.10689274240251108,0.05100568964376343
wellness,age_x_context,50+ / external_event,70,68,0.3142857142857143,0.23575953613187658,0.28046398046398047,1.4843651173476948,0.735593688143151,0.6571374636224261,0.12546272520472782,0.0855525087282197
wellness,age_x_context,50+ / formal_training,825,742,0.3793939393939394,0.24610300437162214,0.29603533461451226,1.4857997037258042,0.7358407008885266,0.62413811228403,0.0512114223639852,0.03295527478852208
wellness,age_x_context,50+ / on_the_job,207,198,0.38164251207729466,0.24647648890064505,0.304838058154704,1.5198928387585577,0.7537792424261623,0.5921578535017321,0.07081981548244277,0.05375176115224757
wellness,age_x_context,<30 / external_event,40,38,0.375,0.27312091503267977,0.3219047619047619,1.409059822759993,0.7101647970629601,0.6340193362193363,0.11492725711981003,0.09100030599565789
wellness,age_x_context,<30 / formal_training,448,410,0.453125,0.3194677526909925,0.37475199807958426,1.392843846658867,0.6917173368349376,0.6767853680071276,0.04121331711916216,0.029441446508270915
wellness,age_x_context,<30 / on_the_job,106,105,0.4339622641509434,0.28585018130800394,0.3428781174305471,1.3697919594135888,0.6855887254085966,0.6908692232862146,0.054650789277612535,0.05030913528978533
wellness,age_x_context,missing / external_event,5,5,0.6,0.29333333333333333,0.5833333333333333,1.2291223772061957,0.6018650073265094,,0.20820467367817064,0.2594194718024778
wellness,age_x_context,missing / formal_training,41,39,0.34146341463414637,0.20773809523809525,0.34285714285714286,1.4925973542597275,0.742109677602811,0.6749610601816484,0.09659192413985483,0.09961265703136661
wellness,age_x_context,missing / on_the_job,11,11,0.5454545454545454,0.24285714285714288,0.5,1.289000564024044,0.6299729467508351,,0.3032209501621916,0.21850881970515568
anonymous_context,age,30–39,741,654,0.4966261808367072,0.31446868952496954,0.3580843508652308,1.3453318780929202,0.6635167897429183,0.6705151309377934,0.07348613749579445,0.03378940849451138
anonymous_context,age,40–49,824,712,0.45995145631067963,0.2984650575006052,0.34211847826400354,1.3777313888054745,0.6851204404238775,0.6580281247275325,0.03793186598546671,0.027282564902981227
anonymous_context,age,50+,1102,954,0.3793103448275862,0.2441337524203401,0.29957519583861025,1.4985109682728692,0.7424389586193347,0.6199822335547278,0.03425631175749454,0.02913301920563085
anonymous_context,age,<30,594,520,0.42592592592592593,0.2976755545694249,0.354897688246075,1.3990472632237478,0.698244455672744,0.6788473300364901,0.04294390440903952,0.03532628456248531
anonymous_context,age,missing,57,51,0.42105263157894735,0.2949013352239159,0.3462121212121212,1.4102900722372211,0.7016924774384967,0.7037871996233608,0.14193406832111066,0.072843616924567
anonymous_context,context_domain,external_event,221,217,0.4072398190045249,0.2926110440417451,0.3376662422184494,1.4258125991016457,0.7113674760323282,0.6390708132564121,0.06192064239257332,0.04793527386294476
anonymous_context,context_domain,formal_training,2491,2249,0.4323564833400241,0.2775015523343617,0.33006220100492556,1.4191844006275633,0.7034383469079036,0.650123700828348,0.020210423894151768,0.016885716984174615
anonymous_context,context_domain,on_the_job,606,588,0.4537953795379538,0.2904833627773957,0.339207162430199,1.3937761636748685,0.6924908581520729,0.658602984926886,0.035155467133371227,0.028218947401428763
anonymous_context,wellness_optin,False,1734,1494,0.4388696655132641,0.2801057698271489,0.3313349979730268,1.4189163073808437,0.7023709870444325,0.6432383435126201,0.029825437078624943,0.021838476780749037
anonymous_context,wellness_optin,True,1584,1397,0.42992424242424243,0.2891487820443083,0.338282782491519,1.410682073581636,0.7015248124089917,0.6669041570875127,0.01721677168100657,0.013146306435062307
anonymous_context,intervention,coaching_1on1,681,661,0.37591776798825255,0.266434252558594,0.3151289160513169,1.4955149488875052,0.7445438674314729,0.6210915518086312,0.02533228062102821,0.032114314486359354
anonymous_context,intervention,peer_workshop,658,634,0.4635258358662614,0.28358786419082255,0.34644649030651326,1.3801315552003537,0.6872760431025675,0.6629823069411608,0.037137544159059455,0.034024900178691087
anonymous_context,intervention,reading_pack,660,645,0.41818181818181815,0.276088628379247,0.32723778272588777,1.415926965179398,0.702037520269524,0.6643769381477116,0.05094663105914388,0.020920783503161518
anonymous_context,intervention,self_paced_video,664,641,0.4442771084337349,0.28369616983113344,0.3278628253505348,1.4041706015441364,0.6923855343793143,0.6512500307349469,0.058114544830613866,0.026607275919767536
anonymous_context,intervention,simulation_exercise,655,642,0.4732824427480916,0.30659197197876564,0.35119856343965006,1.3762869642652846,0.682100497866894,0.6674944137747751,0.05696048937418614,0.029616424264660435
anonymous_context,age_x_context,30–39 / external_event,54,54,0.5185185185185185,0.3709317808628153,0.4213071895424837,1.3339252353411302,0.6667987327502979,0.6598115444674824,0.14197239322296626,0.0931981811539353
anonymous_context,age_x_context,30–39 / formal_training,566,510,0.4752650176678445,0.2915431084307786,0.3419258906053217,1.3717825952479006,0.6757087791305996,0.6555075531814257,0.05500452039935525,0.03620418427433959
anonymous_context,age_x_context,30–39 / on_the_job,121,119,0.5867768595041323,0.32161172161172163,0.35907084785133564,1.2266942979183566,0.6050218234964216,0.6798230223082071,0.14411559636819782,0.07022007557090519
anonymous_context,age_x_context,40–49 / external_event,52,52,0.4807692307692308,0.33481310803891445,0.3672619047619047,1.3235190492100322,0.6730906860171622,0.7028495345506623,0.15168294147984032,0.0908515192661916
anonymous_context,age_x_context,40–49 / formal_training,611,548,0.45662847790507366,0.2845580848748642,0.3312548859812017,1.3820250735206685,0.6865415835914449,0.648833219926424,0.03838328831078694,0.029512422892357493
anonymous_context,age_x_context,40–49 / on_the_job,161,155,0.4658385093167702,0.3179967900951507,0.36554385964912284,1.378946297488577,0.6836125444845331,0.6635026964762464,0.07420190381547821,0.05353853009687391
anonymous_context,age_x_context,50+ / external_event,70,68,0.3,0.20625353706847765,0.2650793650793651,1.5471331931947412,0.7611742495319206,0.5922375765420879,0.11076730507569797,0.06867512313007351
anonymous_context,age_x_context,50+ / formal_training,825,742,0.38545454545454544,0.24373961512861522,0.30036961960951464,1.4913232868859916,0.7388253811310583,0.621009199654883,0.03522527381839913,0.030540829509663903
anonymous_context,age_x_context,50+ / on_the_job,207,198,0.38164251207729466,0.25139990772621157,0.3076236168226156,1.5107152262421593,0.7505052922615906,0.6142354494408595,0.05935002361342855,0.05159176691248921
anonymous_context,age_x_context,<30 / external_event,40,38,0.325,0.26880808080808083,0.34095238095238095,1.4893678767510274,0.7440361270491719,0.5677737373737373,0.12806536465296853,0.12517579518890568
anonymous_context,age_x_context,<30 / formal_training,448,410,0.43526785714285715,0.3019710232493738,0.35869123669123665,1.3943682542477969,0.6945305237821924,0.6802855305644315,0.04623727207131375,0.03434940183520146
anonymous_context,age_x_context,<30 / on_the_job,106,105,0.42452830188679247,0.2787303876128678,0.33547071002313966,1.3847394469986043,0.6966611974832155,0.6785104226580694,0.059208665753607115,0.05202045431145106
anonymous_context,age_x_context,missing / external_event,5,5,0.6,0.26,0.5833333333333333,1.2751185080895975,0.6321444825069346,,0.22577165434759444,0.26044100026541367
anonymous_context,age_x_context,missing / formal_training,41,39,0.3902439024390244,0.2994623655913978,0.37922077922077924,1.4469117938503484,0.723322719457328,0.730523088023088,0.10862846706691115,0.09317786201770342
anonymous_context,age_x_context,missing / on_the_job,11,11,0.45454545454545453,0.20307692307692307,0.43333333333333335,1.3352325481099383,0.6526833912462904,,0.27286816730771063,0.1918079397408945
