arm,fold,temperature
prior,0,1.0
prior,1,1.0
prior,2,1.0
prior,3,1.0
prior,4,1.0
context,0,1.60338536403395
context,1,1.4625304790660767
context,2,1.6473454172996054
context,3,1.5366240918295193
context,4,1.5475717052844127
demographics,0,1.5140744746315193
demographics,1,1.5250314139369543
demographics,2,1.7461325740703986
demographics,3,1.552540763613622
demographics,4,1.6551040519986195
questionnaire,0,1.0972104971373116
questionnaire,1,1.1063604315067783
questionnaire,2,1.1177789701505665
questionnaire,3,1.1208522323910268
questionnaire,4,1.1154186263235202
personality_no_age,0,1.07746617371149
personality_no_age,1,1.0323360408545654
personality_no_age,2,1.0765652997038642
personality_no_age,3,1.0812975343724918
personality_no_age,4,1.0837586426170926
personality,0,1.0748351877699103
personality,1,1.0314740527457633
personality,2,1.071936492204364
personality,3,1.072620835363908
personality,4,1.0878189490786154
logistic,0,1.453732510987273
logistic,1,1.5300151040143442
logistic,2,1.4328785581109245
logistic,3,1.476170065461161
logistic,4,1.4777532377055664
wellness,0,1.0990486559828256
wellness,1,1.0507973970989712
wellness,2,1.0630309476341535
wellness,3,1.0728787168649327
wellness,4,1.094684278383554
anonymous_context,0,1.0847434332142316
anonymous_context,1,1.069320891136855
anonymous_context,2,1.0476481020371202
anonymous_context,3,1.0707983048074126
anonymous_context,4,1.091134990630997
