group,events,labels,coverage,population_share,label_share,share_gap,slice
engineering,15917,809,0.05082616070867626,0.13319888198965674,0.14480042956864148,0.011601547578984739,job_family
finance,14988,657,0.04383506805444355,0.12542469330030628,0.11759441560766064,-0.007830277692645646,job_family
hr,14913,723,0.04848119090726212,0.12479706773335118,0.12940755324861286,0.004610485515261678,job_family
legal,14652,650,0.04436254436254436,0.12261293076034745,0.11634150706998389,-0.006271423690363556,job_family
marketing,14739,668,0.04532193500237465,0.12334097641801536,0.11956327188115268,-0.003777704536862686,job_family
operations,14462,705,0.048748444198589404,0.12102294599072788,0.12618578843744407,0.005162842446716193,job_family
product,15040,703,0.04674202127659575,0.12585984702672848,0.12582781456953643,-3.203245719204939e-05,job_family
sales,14787,672,0.04544532359504971,0.12374265678086663,0.12027921961696796,-0.003463437163898672,job_family
DE,36860,1681,0.04560499186109604,0.3084570453061976,0.3008770359763737,-0.007580009329823889,region
ES,17690,821,0.0464104013566987,0.1480359503924752,0.14694827277608735,-0.0010876776163878388,region
FR,29379,1427,0.04857210932979339,0.24585348708765,0.2554143547521031,0.009560867664453104,region
NL,11851,548,0.04624082355919332,0.09917320791979782,0.09808483980669411,-0.0010883681131037132,region
PL,23718,1110,0.0467998988110296,0.1984803092938794,0.1986754966887417,0.00019518739486232284,region
conflict_resolution,23987,1143,0.04765081085588027,0.200731392994025,0.20458206550921781,0.0038506725151928045,module_topic
leadership,23957,1127,0.04704261802395959,0.20048034276724297,0.20171827456595667,0.001237931798713704,module_topic
negotiation,23575,1118,0.04742311770943796,0.19728363654621836,0.2001073921603723,0.0028237556141539333,module_topic
public_speaking,23843,1091,0.0457576647233989,0.19952635190547122,0.19527474494361913,-0.004251606961852089,module_topic
technical_writing,24136,1108,0.04590652966523036,0.20197827578704247,0.1983175228208341,-0.0036607529662083804,module_topic
coaching_1on1,24070,1153,0.04790195263813876,0.20142596528812198,0.20637193484875604,0.0049459695606340615,recommended_intervention
peer_workshop,23943,1083,0.045232427014158624,0.20036318599474467,0.19384284947198854,-0.006520336522756132,recommended_intervention
reading_pack,23717,1132,0.04772947674663743,0.19847194095298665,0.2026132092357258,0.004141268282739141,recommended_intervention
self_paced_video,23852,1123,0.04708200570182794,0.19960166697350584,0.2010023268301414,0.0014006598566355666,recommended_intervention
simulation_exercise,23916,1096,0.04582706138150192,0.20013724079064085,0.19616967961338821,-0.003967561177252638,recommended_intervention
external_event,17982,390,0.021688355021688355,0.1504795059331537,0.06980490424199033,-0.08067460169116338,context_domain
formal_training,59784,4191,0.0701023685266961,0.5002928919312457,0.7501342402004654,0.24984134826921967,context_domain
on_the_job,41732,1006,0.024106201476085498,0.3492276021356006,0.1800608555575443,-0.1691667465780563,context_domain
Q1,29778,1420,0.04768621129693062,0.2491924551038511,0.2541614462144263,0.004968991110575222,season
Q2,29895,1408,0.04709817695266767,0.2501715509883011,0.2520136030069805,0.0018420520186794298,season
Q3,30221,1356,0.04486946163263956,0.25289963011933253,0.2427062824413818,-0.010193347677950743,season
Q4,29604,1403,0.04739224429131198,0.2477363637885153,0.25111866833721136,0.0033823045486960635,season
"[0.0, 30.0)",21974,1012,0.04605442796031674,0.18388592277695023,0.18113477716126722,-0.002751145615683015,age_cohort
"[30.0, 40.0)",27497,1270,0.046186856748008875,0.23010426952752347,0.22731340612135315,-0.002790863406170324,age_cohort
"[40.0, 50.0)",27010,1348,0.0499074416882636,0.22602888751276173,0.2412743869697512,0.01524549945698947,age_cohort
"[50.0, inf)",40736,1850,0.04541437549096622,0.34089273460643693,0.33112582781456956,-0.009766906791867369,age_cohort
missing,2281,107,0.04690925032880316,0.01908818557632764,0.019151601933058888,6.341635673124887e-05,age_cohort
False,59272,2819,0.04756039951410447,0.4960083013941656,0.5045641668158224,0.008555865421656816,wellness_optin
True,60226,2768,0.045960216517783016,0.5039916986058344,0.49543583318417755,-0.008555865421656816,wellness_optin
"[0.0, 30.0) / external_event",3287,68,0.020687557042896258,0.02750673651441865,0.012171111508859854,-0.015335625005558797,age_x_context
"[0.0, 30.0) / formal_training",10944,756,0.06907894736842106,0.09158312273008754,0.13531412206908897,0.04373099933900143,age_x_context
"[0.0, 30.0) / on_the_job",7743,188,0.024279994834043653,0.06479606353244406,0.03364954358331842,-0.031146519949125644,age_x_context
"[30.0, 40.0) / external_event",4233,86,0.020316560359083392,0.03542318699894559,0.015392876320028637,-0.020030310678916953,age_x_context
"[30.0, 40.0) / formal_training",13738,972,0.07075265686417237,0.11496426718438803,0.17397529980311438,0.05901103261872635,age_x_context
"[30.0, 40.0) / on_the_job",9526,212,0.022254881377283226,0.07971681534418987,0.03794522999821013,-0.04177158534597974,age_x_context
"[40.0, 50.0) / external_event",4025,93,0.0231055900621118,0.03368257209325679,0.016645784857705386,-0.017036787235551406,age_x_context
"[40.0, 50.0) / formal_training",13523,999,0.07387414035347187,0.11316507389245008,0.17880794701986755,0.06564287312741747,age_x_context
"[40.0, 50.0) / on_the_job",9462,256,0.027055590784189388,0.07918124152705484,0.045820655092178274,-0.03336058643487657,age_x_context
"[50.0, inf) / external_event",6116,135,0.02207325049051668,0.05118077289996485,0.024163236083765884,-0.027017536816198968,age_x_context
"[50.0, inf) / formal_training",20456,1385,0.06770629644114197,0.1711827813017791,0.2478969035260426,0.07671412222426349,age_x_context
"[50.0, inf) / on_the_job",14164,330,0.02329850324767015,0.11852918040469297,0.059065688204761053,-0.05946349219993192,age_x_context
missing / external_event,321,8,0.024922118380062305,0.0026862374265678086,0.001431895471630571,-0.0012543419549372375,age_x_context
missing / formal_training,1123,79,0.07034728406055209,0.009397646822540963,0.014139967782351888,0.004742320959810925,age_x_context
missing / on_the_job,837,20,0.023894862604540025,0.007004301327218866,0.0035797386790764273,-0.0034245626481424385,age_x_context
