feature,labeled_mean,unlabeled_mean,standardized_mean_difference,labeled_missing,unlabeled_missing,missing_gap
age,42.96149635036496,42.94347440865604,0.0014523531937987505,0.019151601933058888,0.019085075190280132,6.652674277875595e-05
tenure_months,46.7732034552472,47.23601173764197,-0.009884403304164341,0.02613209235725792,0.03069940567636137,-0.0045673133191034485
ocean_E,0.03560410796166086,-0.0042269845761448935,0.03996014730178975,0.06622516556291391,0.06333014370868485,0.00289502185422906
ocean_N,-0.1580765997765247,0.007397955249733201,-0.16477293483065622,0.0628244138177913,0.06268929251784287,0.00013512129994842914
ocean_A,0.05250019355491072,-0.006729726184340507,0.05964043639930341,0.0628244138177913,0.06393587976578206,-0.0011114659479907613
ocean_C,0.18466766268729878,-0.014460280375601889,0.2008877823764087,0.06676212636477537,0.06653439966289472,0.00022772670188064836
ocean_O,0.03854135600762686,-0.003558403903908767,0.042129182156966094,0.06354036155360658,0.06469963392473072,-0.0011592723711241343
engagement_q01,3.432751937984496,3.293663575805514,0.12689622222245966,0.07642742079828173,0.0788159176901265,-0.0023884968918447685
engagement_q02,3.1711781888997077,3.000597751316476,0.12544633918279163,0.08090209414712726,0.07476011974260607,0.006141974404521189
engagement_q03,4.065865943432778,3.9787906781840174,0.08837694040319587,0.07606944693037408,0.07821896041646549,-0.002149513486091409
engagement_q04,3.528009304128707,3.33730252858295,0.15435386926280567,0.07660640773223555,0.07476011974260607,0.0018462879896294776
engagement_q05,2.8748304592133307,2.680605657869755,0.15531550106164027,0.0762484338643279,0.0752429528315966,0.0010054810327313063
engagement_q06,3.223479762133129,3.0372722540343573,0.13380420277909968,0.06694111329872919,0.0724776360491963,-0.005536522750467107
engagement_q07,3.7900874635568513,3.6442688123861915,0.12889892629640753,0.07911222480758905,0.07918462659444654,-7.240178685749554e-05
engagement_q08,3.610809763657497,3.5127084498630086,0.08657781278691494,0.07606944693037408,0.07400514436709361,0.002064302563280468
engagement_q09,3.682751937984496,3.6782003631213223,0.0040700228370850215,0.07642742079828173,0.07648076129609958,-5.3340497817855326e-05
engagement_q10,3.891037916507085,3.84097434734973,0.04423122190381768,0.0653302308931448,0.070537524909798,-0.005207294016653208
engagement_q11,4.095559845559846,4.120251302540547,-0.02437614653812396,0.0728476821192053,0.07497081054507466,-0.0021231284258693695
engagement_q12,3.9264161962234767,3.9217553262253646,0.004237943849593203,0.08054412027921962,0.07617350387583288,0.0043706164033867345
engagement_q13,3.7018970189701896,3.6808478339247426,0.015276893126583554,0.0753534991945588,0.0747337833922975,0.0006197158022613058
engagement_q14,3.9601632335794794,3.9146554506959346,0.04225045672323181,0.07893323787363522,0.07536585579970327,0.0035673820739319517
engagement_q15,3.942048780487805,3.8249717481933088,0.097652022336927,0.08269196348666548,0.07556776781873568,0.007124195667929795
engagement_q16,4.051882192315194,4.025043819539705,0.025821139726320667,0.08233398961875783,0.07843843000237027,0.003895559616387559
engagement_q17,3.688799076212471,3.679094692434867,0.008701920463160671,0.06998389117594415,0.0760681584745986,-0.006084267298654439
engagement_q18,3.8945335136179255,3.8465483794653417,0.04256354362362732,0.07338464292106676,0.07230206038047247,0.0010825825405942902
engagement_q19,3.4324376199616125,3.294281663516068,0.1262963386377544,0.06747807410059066,0.07120471245094855,-0.003726638350357886
engagement_q20,3.1676566392029124,3.0004829271064146,0.12300135997742406,0.06586719169500627,0.07290779643756969,-0.007040604742563419
engagement_q21,3.90484496124031,3.8650684024295634,0.04252132392797834,0.07642742079828173,0.07210014836144008,0.004327272436841653
engagement_q22,4.197971523307977,4.189719412972398,0.007691926227605002,0.08233398961875783,0.07640175224517387,0.005932237373583962
engagement_q23,4.112167669318843,4.055132881709223,0.06251231599471122,0.07768032933595848,0.07344330222717736,0.0042370271087811134
engagement_q24,2.8511546671841645,2.8009045483421353,0.040061663172564266,0.07768032933595848,0.07412804733520029,0.003552282000758189
burnout_composite,0.4339774171160363,0.47351973331144814,-0.1947050499751595,0.2849471988544836,0.30570357559849354,-0.02075637674400993
wellness_optin,0.49543583318417755,0.5044113386766862,-0.0179508915396188,0.0,0.0,0.0
wearable_hrv_mean_30d,72.49611091385255,69.81284692957905,0.22200701494661046,0.5328441023805263,0.5208803364029813,0.011963765977545004
wearable_sleep_var_30d,2.079866929004686,1.9922754019863924,0.22803771837556258,0.5281904420977269,0.5205818577661507,0.007608584331576185
wearable_steps_mean_30d,8481.96010038463,8193.52385906128,0.1838598782634031,0.5237157687488814,0.5219864631159414,0.001729305632939937
wearable_active_min_30d,65.44147780025988,61.72357403411197,0.1820306399185724,0.5346339717200644,0.5206433092502041,0.01399066246986036
workload_index,0.3835122277397829,0.4011443766955806,-0.08859095990159038,0.0,0.0,0.0
team_size,20.433148380168248,20.521407063409153,-0.007688724664450591,0.0,0.0,0.0
manager_support_score,3.2057216956643937,3.199744896932657,0.0076242026197516416,0.09951673527832468,0.152127538165761,-0.05261080288743632
invalid_active_minutes,0.0,0.00026336350308574236,-0.02295345590851514,0.0,0.0,0.0
ctx_feat_001,0.9952495640699067,1.003611175047691,-0.006766035577361004,0.0,0.0,0.0
ctx_feat_002,0.9950991070705721,1.0048544523444929,-0.007974506600037574,0.0,0.0,0.0
ctx_feat_003,0.9985815026228785,1.0029506911564934,-0.0035485226438392095,0.0,0.0,0.0
ctx_feat_004,1.002335012109971,1.0079722914808862,-0.004577516207790284,0.0,0.0,0.0
ctx_feat_005,1.0261720907931768,1.0064994031931929,0.015990910892255815,0.0,0.0,0.0
ctx_feat_006,-0.005040881081144176,0.0006743447897489173,-0.00574903375611368,0.0,0.0,0.0
ctx_feat_007,-0.02505323195455294,-0.0043332350634734465,-0.02084826164991269,0.0,0.0,0.0
ctx_feat_008,0.02324805267829176,0.0012838353268880105,0.021934475549068994,0.0,0.0,0.0
ctx_feat_009,0.010653124536060871,-0.0024288399181132984,0.013021632817172033,0.0,0.0,0.0
ctx_feat_010,0.018878072274631535,-0.003535444733737675,0.022440763154770622,0.0,0.0,0.0
ctx_feat_011,0.00414248208910197,0.0024830187311455473,0.0016593156300451798,0.0,0.0,0.0
ctx_feat_012,-0.018799102971101725,0.0012780313492561357,-0.02002891562339323,0.0,0.0,0.0
ctx_feat_013,0.0005621189621052456,-0.0014171456767537668,0.001974955825853953,0.0,0.0,0.0
ctx_feat_014,0.0074331642100097526,0.0009659141176656006,0.006467460233586806,0.0,0.0,0.0
ctx_feat_015,-0.02892591907153932,-0.003100685569755627,-0.02562310867665691,0.0,0.0,0.0
ctx_feat_016,0.013233309509304791,0.0004408544583351836,0.012861413921222375,0.0,0.0,0.0
ctx_feat_017,0.008856106590839569,0.0007070412900243223,0.008085253785042913,0.0,0.0,0.0
ctx_feat_018,0.0182581246290875,-0.0067689726825443525,0.025024851689049308,0.0,0.0,0.0
ctx_feat_019,0.023507232927057156,-0.0019762515170742515,0.025513419429044275,0.0,0.0,0.0
ctx_feat_020,-0.011534400679094076,-0.0025028192827269893,-0.00903335436126513,0.0,0.0,0.0
ctx_feat_021,0.014846024642938658,0.0013622927212367044,0.013431473933287709,0.0,0.0,0.0
ctx_feat_022,0.0006736295976547405,0.005969331374846336,-0.0052483252874271705,0.0,0.0,0.0
ctx_feat_023,-0.005962367516543091,0.0015227002962541869,-0.007524344229816818,0.0,0.0,0.0
ctx_feat_024,0.007910923708625152,0.0002650668074127213,0.007709834579141959,0.0,0.0,0.0
ctx_feat_025,-0.008445534687097536,0.0024267624993491704,-0.01088053487428699,0.0,0.0,0.0
ctx_feat_026,-0.012530278901436175,-0.005064685247070063,-0.007502914886594193,0.0,0.0,0.0
ctx_feat_027,0.007445244523268449,0.006620841978349244,0.0008200878592984149,0.0,0.0,0.0
ctx_feat_028,-0.008955311429602309,0.0012196545644494207,-0.010210438947483962,0.0,0.0,0.0
ctx_feat_029,-0.0006260327106769055,0.005248664683643459,-0.005831848972684231,0.0,0.0,0.0
ctx_feat_030,0.0017791294963294998,0.004110621754327327,-0.0023451132634532065,0.0,0.0,0.0
ctx_feat_031,0.028624858555485137,-0.0021162074890269432,0.030680822998445205,0.0,0.0,0.0
ctx_feat_032,-0.017421008196110574,0.00331264413138569,-0.020792754687099273,0.0,0.0,0.0
ctx_feat_033,-0.0030353161885992813,-0.0035238964076672865,0.0004881657724051409,0.0,0.0,0.0
ctx_feat_034,0.004271236748661258,0.004994041299175826,-0.0007239233067317307,0.0,0.0,0.0
ctx_feat_035,-0.027610693644536048,-0.005844488004643641,-0.021572581228931048,0.0,0.0,0.0
ctx_feat_036,0.013888293141928685,0.00021222605715349592,0.013585793625390955,0.0,0.0,0.0
ctx_feat_037,-0.0035700958624280627,0.002943736463684771,-0.006504110189619669,0.0,0.0,0.0
ctx_feat_038,0.009895836801996434,0.0008382009239944622,0.00903120085566461,0.0,0.0,0.0
ctx_feat_039,-0.005378056266913326,0.00013551404843843733,-0.005551570977348445,0.0,0.0,0.0
ctx_feat_040,0.009860250280492332,0.0028370593905898923,0.006992987015192916,0.0,0.0,0.0
ctx_feat_041,-0.007812132463185289,0.0028351317589514636,-0.010589601686036926,0.0,0.0,0.0
ctx_feat_042,0.0019322618924858522,0.0009796539784241586,0.0009584161711601565,0.0,0.0,0.0
ctx_feat_043,-0.010941152892819021,-0.0015085439846588703,-0.009368986526860034,0.0,0.0,0.0
ctx_feat_044,0.006119828303669339,0.002036046535977244,0.004073937423804119,0.0,0.0,0.0
ctx_feat_045,0.014252334438674259,0.0035025456167166167,0.01074598083671843,0.0,0.0,0.0
ctx_feat_046,0.010381839892172917,-0.0036815721343038434,0.014021344919154223,0.0,0.0,0.0
ctx_feat_047,-0.006633952819331452,-0.00023812874174738776,-0.006360539261200359,0.0,0.0,0.0
ctx_feat_048,0.0037336354594106826,-0.001160962567195211,0.00491506299609893,0.0,0.0,0.0
ctx_feat_049,-0.029426302835041083,-0.0005285043325903173,-0.028767059984605322,0.0,0.0,0.0
ctx_feat_050,0.0037691131184941296,0.004806197587832613,-0.0010324474735921134,0.0,0.0,0.0
