repeat,fold,inner,excluded_people,eligible_rows,overlap
0,0,-1,579,66787,0
0,0,0,1349,61463,0
0,0,1,1350,61704,0
0,0,2,1350,61557,0
0,1,-1,578,66854,0
0,1,0,1350,61633,0
0,1,1,1348,61649,0
0,1,2,1349,61576,0
0,2,-1,578,66734,0
0,2,0,1348,61536,0
0,2,1,1349,61564,0
0,2,2,1350,61518,0
0,3,-1,578,66856,0
0,3,0,1349,61637,0
0,3,1,1349,61584,0
0,3,2,1349,61641,0
0,4,-1,578,66943,0
0,4,0,1351,61620,0
0,4,1,1350,61677,0
0,4,2,1346,61739,0
1,0,-1,578,66829,0
1,0,0,1350,61513,0
1,0,1,1349,61624,0
1,0,2,1348,61671,0
1,1,-1,578,66844,0
1,1,0,1348,61559,0
1,1,1,1348,61675,0
1,1,2,1351,61604,0
1,2,-1,579,66793,0
1,2,0,1350,61496,0
1,2,1,1349,61646,0
1,2,2,1350,61594,0
1,3,-1,577,66980,0
1,3,0,1347,61716,0
1,3,1,1349,61713,0
1,3,2,1349,61681,0
1,4,-1,579,66728,0
1,4,0,1349,61535,0
1,4,1,1351,61582,0
1,4,2,1349,61489,0
2,0,-1,580,66824,0
2,0,0,1349,61577,0
2,0,1,1351,61638,0
2,0,2,1351,61583,0
2,1,-1,578,66792,0
2,1,0,1349,61520,0
2,1,1,1350,61648,0
2,1,2,1348,61566,0
2,2,-1,576,66874,0
2,2,0,1349,61606,0
2,2,1,1348,61557,0
2,2,2,1346,61735,0
2,3,-1,579,66808,0
2,3,0,1351,61588,0
2,3,1,1350,61506,0
2,3,2,1348,61672,0
2,4,-1,578,66876,0
2,4,0,1349,61604,0
2,4,1,1349,61641,0
2,4,2,1349,61657,0
3,0,-1,578,66774,0
3,0,0,1350,61475,0
3,0,1,1349,61614,0
3,0,2,1348,61609,0
3,1,-1,579,67017,0
3,1,0,1347,61678,0
3,1,1,1351,61799,0
3,1,2,1351,61707,0
3,2,-1,578,66807,0
3,2,0,1350,61620,0
3,2,1,1348,61640,0
3,2,2,1349,61504,0
3,3,-1,578,66823,0
3,3,0,1349,61647,0
3,3,1,1349,61544,0
3,3,2,1349,61605,0
3,4,-1,578,66753,0
3,4,0,1349,61559,0
3,4,1,1349,61543,0
3,4,2,1349,61554,0
4,0,-1,577,66855,0
4,0,0,1348,61526,0
4,0,1,1348,61629,0
4,0,2,1349,61705,0
4,1,-1,579,66777,0
4,1,0,1351,61576,0
4,1,1,1349,61566,0
4,1,2,1349,61562,0
4,2,-1,579,66841,0
4,2,0,1350,61718,0
4,2,1,1349,61527,0
4,2,2,1350,61587,0
4,3,-1,579,66804,0
4,3,0,1350,61581,0
4,3,1,1351,61609,0
4,3,2,1348,61568,0
4,4,-1,577,66897,0
4,4,0,1349,61684,0
4,4,1,1350,61605,0
4,4,2,1346,61655,0
5,0,-1,579,66839,0
5,0,0,1348,61689,0
5,0,1,1349,61648,0
5,0,2,1352,61491,0
5,1,-1,578,66801,0
5,1,0,1350,61515,0
5,1,1,1348,61671,0
5,1,2,1349,61566,0
5,2,-1,579,66939,0
5,2,0,1351,61663,0
5,2,1,1348,61684,0
5,2,2,1350,61681,0
5,3,-1,579,66770,0
5,3,0,1351,61498,0
5,3,1,1350,61646,0
5,3,2,1348,61546,0
5,4,-1,576,66825,0
5,4,0,1351,61513,0
5,4,1,1346,61678,0
5,4,2,1346,61609,0
6,0,-1,578,66852,0
6,0,0,1350,61557,0
6,0,1,1346,61680,0
6,0,2,1351,61617,0
6,1,-1,579,66839,0
6,1,0,1351,61679,0
6,1,1,1348,61646,0
6,1,2,1350,61503,0
6,2,-1,579,66816,0
6,2,0,1350,61584,0
6,2,1,1349,61595,0
6,2,2,1350,61603,0
6,3,-1,577,66848,0
6,3,0,1350,61593,0
6,3,1,1348,61545,0
6,3,2,1347,61708,0
6,4,-1,578,66819,0
6,4,0,1348,61607,0
6,4,1,1349,61614,0
6,4,2,1350,61567,0
7,0,-1,578,66778,0
7,0,0,1350,61651,0
7,0,1,1348,61528,0
7,0,2,1349,61527,0
7,1,-1,576,66805,0
7,1,0,1348,61550,0
7,1,1,1348,61582,0
7,1,2,1347,61628,0
7,2,-1,579,66878,0
7,2,0,1351,61645,0
7,2,1,1350,61617,0
7,2,2,1348,61644,0
7,3,-1,579,66877,0
7,3,0,1350,61651,0
7,3,1,1349,61665,0
7,3,2,1350,61588,0
7,4,-1,579,66836,0
7,4,0,1350,61660,0
7,4,1,1351,61518,0
7,4,2,1348,61644,0
8,0,-1,579,66829,0
8,0,0,1349,61658,0
8,0,1,1351,61589,0
8,0,2,1349,61561,0
8,1,-1,577,66843,0
8,1,0,1350,61585,0
8,1,1,1347,61669,0
8,1,2,1348,61582,0
8,2,-1,578,66817,0
8,2,0,1350,61590,0
8,2,1,1349,61631,0
8,2,2,1348,61563,0
8,3,-1,579,66830,0
8,3,0,1349,61675,0
8,3,1,1350,61543,0
8,3,2,1350,61592,0
8,4,-1,578,66855,0
8,4,0,1350,61691,0
8,4,1,1350,61577,0
8,4,2,1347,61592,0
9,0,-1,578,66893,0
9,0,0,1350,61707,0
9,0,1,1349,61590,0
9,0,2,1348,61639,0
9,1,-1,577,66800,0
9,1,0,1349,61588,0
9,1,1,1347,61716,0
9,1,2,1349,61446,0
9,2,-1,578,66812,0
9,2,0,1348,61573,0
9,2,1,1351,61560,0
9,2,2,1348,61641,0
9,3,-1,579,66878,0
9,3,0,1351,61627,0
9,3,1,1350,61668,0
9,3,2,1348,61611,0
9,4,-1,579,66791,0
9,4,0,1350,61613,0
9,4,1,1350,61461,0
9,4,2,1349,61658,0
