,missing_fraction
person_id,0.0
age,0.0192
tenure_months,0.03055
job_family,0.0
region,0.0
ocean_E,0.06345
ocean_N,0.06275
ocean_A,0.06345
ocean_C,0.0662
ocean_O,0.06495
engagement_q01,0.0784
engagement_q02,0.0747
engagement_q03,0.07795
engagement_q04,0.0748
engagement_q05,0.07585
engagement_q06,0.0733
engagement_q07,0.079
engagement_q08,0.07335
engagement_q09,0.07665
engagement_q10,0.0708
engagement_q11,0.07465
engagement_q12,0.07575
engagement_q13,0.07565
engagement_q14,0.0749
engagement_q15,0.075
engagement_q16,0.0786
engagement_q17,0.0745
engagement_q18,0.07265
engagement_q19,0.07195
engagement_q20,0.0726
engagement_q21,0.0725
engagement_q22,0.07525
engagement_q23,0.0739
engagement_q24,0.0736
burnout_composite,0.30365
wellness_optin,0.0
wearable_hrv_mean_30d,0.5209
wearable_sleep_var_30d,0.51925
wearable_steps_mean_30d,0.5205
wearable_active_min_30d,0.51985
