,age,tenure_months,ocean_E,ocean_N,ocean_A,ocean_C,ocean_O,engagement_q01,engagement_q02,engagement_q03,engagement_q04,engagement_q05,engagement_q06,engagement_q07,engagement_q08,engagement_q09,engagement_q10,engagement_q11,engagement_q12,engagement_q13,engagement_q14,engagement_q15,engagement_q16,engagement_q17,engagement_q18,engagement_q19,engagement_q20,engagement_q21,engagement_q22,engagement_q23,engagement_q24,burnout_composite,wearable_hrv_mean_30d,wearable_sleep_var_30d,wearable_steps_mean_30d,wearable_active_min_30d
age,1.0,0.00070058599977867,0.0140362393176094,-0.010134244155316137,0.003195545390739257,0.007708753388747207,-0.0002233321517644246,0.0068975668002882635,0.00038323845890534465,0.004652210208808872,-0.001918995580392385,0.013094305923664859,0.002783360567457675,0.003263583304498893,0.001109704923601349,-0.006536257032537856,0.009012078365650959,-0.0025434323362858572,0.013584002676653861,0.0035023397699072262,-0.0069613400187429515,0.006736949283853417,-0.007812453704129407,-0.0018031778550484537,0.012306597973104117,0.004800736213863454,0.0011450847063040382,0.0030272478047960313,-0.0038846720917852487,0.0052469204495259915,-0.008347256352314746,-0.003995767129571783,0.014732917490187429,0.009549829385064663,0.0027346399214898086,0.01777482793742348
tenure_months,0.00070058599977867,1.0,-0.012157564161275346,-0.006353928446682495,-0.004852676148434261,-0.006822553536146369,-0.0082372428668755,0.005291137613671564,-0.0025802455043518273,-0.002702106043993965,-0.006784118577591177,0.0066642109225593495,-0.0022660593478132924,-0.005958117466668977,-0.004601146027941082,-0.0039050944087162427,-0.0027601735657096383,-0.010709556650211284,0.003072991302433805,0.009129042251688925,0.002730160921038372,-0.01093879732380443,-0.011439329917048088,-0.0019377918575014161,0.0007173038389940209,0.006296264972954013,-0.0042958246188722635,-0.010934538801995077,-0.0277067056843288,-0.005448727730125198,0.009330428692958968,0.006874437183247397,-0.007905480227935198,-0.0035251709021467993,-0.017821080467265292,-0.018936919029810047
ocean_E,0.0140362393176094,-0.012157564161275346,1.0,-0.14923544160795396,0.33376161061138027,0.0794850399323148,0.12919678994182596,0.06966785538418026,-0.02834303368047365,0.01820581076283749,0.1302069210994258,0.09452289274688776,0.05288768502140685,-0.034724678611211764,0.12432894916211759,0.08662483300167652,0.10011808173710914,0.059279879255746806,0.072489037956558,0.11516861126997285,0.4046718954160428,0.012315822636996656,0.1531037537988065,0.08873761658834528,0.09548191320768024,0.07390306371171423,-0.029722931958756593,0.23653622753098044,0.14509603515729264,0.12940173030005164,-0.011089569571468678,-0.4293933428139687,0.1546553133112368,0.15668549938669987,0.5634513479164168,0.5491569909422866
ocean_N,-0.010134244155316137,-0.006353928446682495,-0.14923544160795396,1.0,-0.062229725341609726,-0.09181782930136434,-0.10064421859918464,-0.07470469149504319,-0.04938268849765083,0.009576245058830276,-0.20030567513799352,-0.10737773592765171,-0.09043362835965003,0.08944555685659589,-0.08623687121953386,-0.0496183410337292,-0.14051348563675542,0.02264804549765759,-0.0555616310505571,0.03207860230391145,-0.05874960415275336,-0.1419092726072359,0.013566407927903196,-0.049829262839036,-0.13720839508229332,-0.07380562063502172,-0.05222653098354825,-0.09108894014046258,-0.050768451835732684,-0.1458223924416238,-0.03244627502060932,0.6799916500640218,-0.8595749075152038,-0.8183363702027434,-0.14165099398953293,-0.13838152364534412
ocean_A,0.003195545390739257,-0.004852676148434261,0.33376161061138027,-0.062229725341609726,1.0,0.153508092721134,0.17254202558222892,0.07802369522306289,0.0309704529039433,0.10508960492491005,0.13874042444499068,0.11241779517066337,0.07018149205005926,0.06532283534355245,0.2198958471548551,0.03246136706017045,0.07447567967646147,0.0423469557403206,0.1291648842959635,0.5764408033171697,0.6454495831166567,0.5217876207889909,0.7100798540086682,0.03400908691112974,0.07730838844708832,0.08023718780326447,0.02985353457925588,0.06348091527087599,0.11287427754247689,0.05417333669179005,0.08962625618130733,-0.20516896655737563,0.11532493869054494,0.12766776439513303,0.2846443229277387,0.2823231360475757
ocean_C,0.007708753388747207,-0.006822553536146369,0.0794850399323148,-0.09181782930136434,0.153508092721134,1.0,0.09233729793593509,0.6296263942236799,0.6559274430577899,0.43560551823942983,0.6658673505947823,0.677701552650785,0.7150792703255798,0.5675574400914651,0.5747420516163269,0.0424674570591533,0.06204356606637915,-0.0862825984607794,-0.01449666420393716,0.07826711079818499,0.04693327533577432,0.23538376520513402,0.06623048050757709,0.03995541848924791,0.05797888328917706,0.6299591021556498,0.6554341248364158,0.1229200379202446,0.002725072603074332,0.1656027656727374,0.08508001909733538,-0.47930774943603544,0.4875863226676893,0.5862054342390342,0.7941736077931502,0.7703308270275011
ocean_O,-0.0002233321517644246,-0.0082372428668755,0.12919678994182596,-0.10064421859918464,0.17254202558222892,0.09233729793593509,1.0,0.11719408646683939,-0.017200908966662074,0.22881280080730426,0.10505679920407003,0.015542422252304991,0.05469753936299512,0.058274397914966525,0.12209823682047316,0.4771867667690172,0.6817567535315535,0.5611766200488094,0.6380051996086176,0.12358501539555418,0.1474429453428364,0.08465364032327564,0.12511640681105904,0.4767104023755472,0.6799395097661463,0.12015724376222774,-0.02090983131540399,0.5000222694445452,0.612419762562033,0.5242298261373228,-0.17850415169698383,-0.1414625366847034,0.12352347459346957,0.12318221270774828,0.13629146471788603,0.12947840885558506
engagement_q01,0.0068975668002882635,0.005291137613671564,0.06966785538418026,-0.07470469149504319,0.07802369522306289,0.6296263942236799,0.11719408646683939,1.0,0.2712161891415124,0.31904516117583953,0.3453775830638954,0.39247718439167345,0.32683219197592434,0.31529306235539994,0.32512702866361276,0.13151719086698618,0.073212763583087,-0.027228865128687028,0.007805042353691561,0.0183602481077487,0.05594685953013609,0.10502511109393604,0.03376726170612004,0.12908992502579061,0.06795396945746066,1.0,0.27512966050167253,0.19183167782351138,0.013209298741602886,0.21855619862324563,-0.04251790451313492,-0.31219168253471113,0.3200564398461597,0.38654544872190455,0.49560551109755635,0.48970003867104855
engagement_q02,0.00038323845890534465,-0.0025802455043518273,-0.02834303368047365,-0.04938268849765083,0.0309704529039433,0.6559274430577899,-0.017200908966662074,0.2712161891415124,1.0,0.16658225264414683,0.4054826083019722,0.36959803166084004,0.5161828061233292,0.26674831907936225,0.2410367838308476,-0.060654536570090054,0.00986848304098022,-0.10243885306539227,-0.031602174558239673,0.002392887005160617,-0.05500194009789226,0.15929000084316916,-0.01668680831576092,-0.05956139214918479,0.010532957833521697,0.2708548767093287,1.0,-0.014346381589146372,-0.033831984466682195,0.015781540459578247,0.11972523921207279,-0.2811077494260768,0.3030985912954339,0.36911396583288797,0.478699111688325,0.46769195308376
engagement_q03,0.004652210208808872,-0.002702106043993965,0.01820581076283749,0.009576245058830276,0.10508960492491005,0.43560551823942983,0.22881280080730426,0.31904516117583953,0.16658225264414683,1.0,0.19895757262410846,0.2053412323488698,0.22214191304264053,0.25947139787536355,0.18550866757760315,0.1570888690519303,0.13273875458413542,0.11955062989188105,0.09286839103365917,0.022530219616636798,0.08080099486665665,0.07566310302305516,0.10047989394344962,0.15731840590455357,0.12839262685071065,0.3139080371491051,0.16769719152085805,0.19953031993852097,0.11293173418132914,0.26068113069182164,-0.09935165651801194,-0.18007965794997444,0.18231369864533087,0.22537618179978222,0.34671677053121774,0.34233950863968415
engagement_q04,-0.001918995580392385,-0.006784118577591177,0.1302069210994258,-0.20030567513799352,0.13874042444499068,0.6658673505947823,0.10505679920407003,0.3453775830638954,0.4054826083019722,0.19895757262410846,1.0,0.35945578204665596,0.4569650195835111,0.2640092484135656,0.38754555309841093,0.024872602201955654,0.11183703847436358,-0.10157785330880503,0.03264435579015384,0.0824512344283348,0.04382402286834982,0.25557926041463463,0.016319851272502874,0.021244798032343692,0.10823792191749079,0.3470837024698987,0.4048073779018222,0.11612077791040307,0.033129529857464105,0.15320701701546138,0.09750387389788344,-0.4206433566428984,0.43792326654424846,0.49572449993976203,0.5645657935373926,0.5469112220352629
engagement_q05,0.013094305923664859,0.0066642109225593495,0.09452289274688776,-0.10737773592765171,0.11241779517066337,0.677701552650785,0.015542422252304991,0.39247718439167345,0.36959803166084004,0.2053412323488698,0.35945578204665596,1.0,0.4001461112698574,0.2914152743201707,0.3739397500786523,-0.0306213880816258,-0.010850646053751885,-0.07613970887059276,-0.05421858940992895,-0.017810316341225686,0.04089167783723283,0.18127745882995835,0.0700889937370348,-0.029862223328059673,-0.009131869768476878,0.3932537754704755,0.36846652645802597,0.08372964022125735,-0.030849999713016572,0.0980041759269703,0.11219969073086826,-0.36028534743673163,0.36770152352909385,0.43586425317113703,0.5555026921701607,0.5374588039097863
engagement_q06,0.002783360567457675,-0.0022660593478132924,0.05288768502140685,-0.09043362835965003,0.07018149205005926,0.7150792703255798,0.05469753936299512,0.32683219197592434,0.5161828061233292,0.22214191304264053,0.4569650195835111,0.4001461112698574,1.0,0.3066763423099069,0.31583855208318057,0.02239997593468168,0.0696205991583787,-0.09398794729317976,0.0002924315514202991,0.05299042636940904,0.003297825530305374,0.16852313720093437,0.011921501365288665,0.023264081470794392,0.06485055869765066,0.3257295136605807,0.5137692097829878,0.03494872958275275,0.00012254261275241457,0.0781209217611499,0.06946870453786642,-0.36450110637268757,0.3723897440448088,0.4416447676772356,0.5666427253633022,0.5505223203724166
engagement_q07,0.003263583304498893,-0.005958117466668977,-0.034724678611211764,0.08944555685659589,0.06532283534355245,0.5675574400914651,0.058274397914966525,0.31529306235539994,0.26674831907936225,0.25947139787536355,0.2640092484135656,0.2914152743201707,0.3066763423099069,1.0,0.22423545197063235,0.06152125973094029,-0.004038096251642766,-0.006143619636908378,-0.022620407811549066,0.08347434358381094,0.0138952361036355,0.04127363855464634,0.0532021175225694,0.056324123739959674,-0.006067760871648849,0.31713515290587463,0.26992953410782333,0.09393430833529266,-0.023824762105658103,0.10430372104108407,-0.011872995664941812,-0.16275063965723802,0.1655328632199281,0.22677538550101337,0.41639897012776833,0.4072370388678544
engagement_q08,0.001109704923601349,-0.004601146027941082,0.12432894916211759,-0.08623687121953386,0.2198958471548551,0.5747420516163269,0.12209823682047316,0.32512702866361276,0.2410367838308476,0.18550866757760315,0.38754555309841093,0.3739397500786523,0.31583855208318057,0.22423545197063235,1.0,0.06232569171092926,0.09587064181464623,-0.03874167347777082,0.05119720794607147,0.15251625978456557,0.08997547599667714,0.21796426121902612,0.09526509675729967,0.06041812756408049,0.09080881900809877,0.32685348990418783,0.23773498041332858,0.1190802141639519,0.044193585361281575,0.13727143302662337,0.04950462895989324,-0.31713101780701763,0.31252661745840454,0.3639476481840033,0.49179858917669866,0.4792858517093609
engagement_q09,-0.006536257032537856,-0.0039050944087162427,0.08662483300167652,-0.0496183410337292,0.03246136706017045,0.0424674570591533,0.4771867667690172,0.13151719086698618,-0.060654536570090054,0.1570888690519303,0.024872602201955654,-0.0306213880816258,0.02239997593468168,0.06152125973094029,0.06232569171092926,1.0,0.32528682902394807,0.21600484942857792,0.2329327127811814,0.1192565722702211,0.07267638088114262,-0.0457895341529352,-0.004572924662123857,1.0,0.3187269912434861,0.13218998483448352,-0.05925013312276393,0.3089266401671511,0.19745910836279204,0.34924386342012975,-0.6250253404760657,-0.07459332238690465,0.06051544629518373,0.06376186110006783,0.07335465919151242,0.061358920787204396
engagement_q10,0.009012078365650959,-0.0027601735657096383,0.10011808173710914,-0.14051348563675542,0.07447567967646147,0.06204356606637915,0.6817567535315535,0.073212763583087,0.00986848304098022,0.13273875458413542,0.11183703847436358,-0.010850646053751885,0.0696205991583787,-0.004038096251642766,0.09587064181464623,0.32528682902394807,1.0,0.2056395587886072,0.5343315880414085,0.12455089090017642,0.05346387316008402,0.057869325714507786,0.02320643119579717,0.32973352931294203,1.0,0.07367176588239896,0.010847946628656973,0.2647524789984952,0.27848274945692275,0.37341756202912946,-0.2666323688537425,-0.1417811599788785,0.14021810411846242,0.13887423568686277,0.09313460922740692,0.08477988634425493
engagement_q11,-0.0025434323362858572,-0.010709556650211284,0.059279879255746806,0.02264804549765759,0.0423469557403206,-0.0862825984607794,0.5611766200488094,-0.027228865128687028,-0.10243885306539227,0.11955062989188105,-0.10157785330880503,-0.07613970887059276,-0.09398794729317976,-0.006143619636908378,-0.03874167347777082,0.21600484942857792,0.2056395587886072,1.0,0.22632761380815777,0.01670106322524502,0.08087419544229986,-0.0645533943776799,0.06961602974715331,0.21876281291886243,0.20327282553988105,-0.02836454641989961,-0.10355428759554391,0.28782569320612506,0.524459089414344,0.14381940507270086,-0.1866343479124833,0.023870148821561646,-0.05886322152356798,-0.07226990885533909,-0.03515413493061223,-0.03449602042291903
engagement_q12,0.013584002676653861,0.003072991302433805,0.072489037956558,-0.0555616310505571,0.1291648842959635,-0.01449666420393716,0.6380051996086176,0.007805042353691561,-0.031602174558239673,0.09286839103365917,0.03264435579015384,-0.05421858940992895,0.0002924315514202991,-0.022620407811549066,0.05119720794607147,0.2329327127811814,0.5343315880414085,0.22632761380815777,1.0,0.12556795046331712,0.11489152919671439,0.055228627769924224,0.07345211458705181,0.23145990072438355,0.5305816723649338,0.009397801370484201,-0.03547078869934641,0.19545652617026898,0.288255961994634,0.2135786865635798,-0.21526080350778323,-0.05399647264353832,0.03278218517415049,0.0382957564789588,0.030084949466788576,0.028130709677060377
engagement_q13,0.0035023397699072262,0.009129042251688925,0.11516861126997285,0.03207860230391145,0.5764408033171697,0.07826711079818499,0.12358501539555418,0.0183602481077487,0.002392887005160617,0.022530219616636798,0.0824512344283348,-0.017810316341225686,0.05299042636940904,0.08347434358381094,0.15251625978456557,0.1192565722702211,0.12455089090017642,0.01670106322524502,0.12556795046331712,1.0,0.23525883252232102,0.1895149635400984,0.3409589186220628,0.11527574854533405,0.12565926131117827,0.01728679584597375,0.0016519015022638404,0.01992079859013216,0.04805568616957257,-0.000566887652195282,-0.05901679120852046,-0.05156801063686887,0.0011772061921985252,0.011497565833899468,0.11464417579554961,0.11696342951777189
engagement_q14,-0.0069613400187429515,0.002730160921038372,0.4046718954160428,-0.05874960415275336,0.6454495831166567,0.04693327533577432,0.1474429453428364,0.05594685953013609,-0.05500194009789226,0.08080099486665665,0.04382402286834982,0.04089167783723283,0.003297825530305374,0.0138952361036355,0.08997547599667714,0.07267638088114262,0.05346387316008402,0.08087419544229986,0.11489152919671439,0.23525883252232102,1.0,0.16119744532831398,0.40715615342328804,0.07478583450374499,0.055018683991951055,0.05974270156161272,-0.05096533152251494,0.09439338254529059,0.0975454900771423,0.0660133507905679,0.020533221095473498,-0.1814781349362207,0.06547079208723816,0.07599002893207821,0.2420525423967579,0.23743821976453308
engagement_q15,0.006736949283853417,-0.01093879732380443,0.012315822636996656,-0.1419092726072359,0.5217876207889909,0.23538376520513402,0.08465364032327564,0.10502511109393604,0.15929000084316916,0.07566310302305516,0.25557926041463463,0.18127745882995835,0.16852313720093437,0.04127363855464634,0.21796426121902612,-0.0457895341529352,0.057869325714507786,-0.0645533943776799,0.055228627769924224,0.1895149635400984,0.16119744532831398,1.0,0.31032722250486394,-0.046038375684389676,0.0576853090357163,0.10701282184462343,0.15702022426086318,-0.027960402466442692,0.040601609444483405,0.02745373689010142,0.16823089772571606,-0.18174630724963922,0.21794762733987313,0.2231454823022083,0.17671155604546096,0.17368819093867563
engagement_q16,-0.007812453704129407,-0.011439329917048088,0.1531037537988065,0.013566407927903196,0.7100798540086682,0.06623048050757709,0.12511640681105904,0.03376726170612004,-0.01668680831576092,0.10047989394344962,0.016319851272502874,0.0700889937370348,0.011921501365288665,0.0532021175225694,0.09526509675729967,-0.004572924662123857,0.02320643119579717,0.06961602974715331,0.07345211458705181,0.3409589186220628,0.40715615342328804,0.31032722250486394,1.0,-0.004665998209979055,0.029169836060313738,0.033823178397630896,-0.019798623851689828,0.029064971495081672,0.07251069874100699,0.031017540952079516,0.07287891609333869,-0.06571022383878133,0.017213682506285282,0.028431197129929694,0.11860663443095854,0.12339283132532783
engagement_q17,-0.0018031778550484537,-0.0019377918575014161,0.08873761658834528,-0.049829262839036,0.03400908691112974,0.03995541848924791,0.4767104023755472,0.12908992502579061,-0.05956139214918479,0.15731840590455357,0.021244798032343692,-0.029862223328059673,0.023264081470794392,0.056324123739959674,0.06041812756408049,1.0,0.32973352931294203,0.21876281291886243,0.23145990072438355,0.11527574854533405,0.07478583450374499,-0.046038375684389676,-0.004665998209979055,1.0,0.32389455065776973,0.13178674923890263,-0.059072307705838635,0.30491309420876,0.1976926474120861,0.3529409821210285,-0.6300172800018451,-0.07011491231645532,0.0574518349697509,0.057149288618249736,0.06994192037041973,0.05732141533159517
engagement_q18,0.012306597973104117,0.0007173038389940209,0.09548191320768024,-0.13720839508229332,0.07730838844708832,0.05797888328917706,0.6799395097661463,0.06795396945746066,0.010532957833521697,0.12839262685071065,0.10823792191749079,-0.009131869768476878,0.06485055869765066,-0.006067760871648849,0.09080881900809877,0.3187269912434861,1.0,0.20327282553988105,0.5305816723649338,0.12565926131117827,0.055018683991951055,0.0576853090357163,0.029169836060313738,0.32389455065776973,1.0,0.06886810120438186,0.010974927800309984,0.26390422440192285,0.27347543803870955,0.3682014718978402,-0.2625120414386747,-0.1371634151590687,0.13519441363011275,0.13172765827082156,0.08863910464831067,0.0804195939485509
engagement_q19,0.004800736213863454,0.006296264972954013,0.07390306371171423,-0.07380562063502172,0.08023718780326447,0.6299591021556498,0.12015724376222774,1.0,0.2708548767093287,0.3139080371491051,0.3470837024698987,0.3932537754704755,0.3257295136605807,0.31713515290587463,0.32685348990418783,0.13218998483448352,0.07367176588239896,-0.02836454641989961,0.009397801370484201,0.01728679584597375,0.05974270156161272,0.10701282184462343,0.033823178397630896,0.13178674923890263,0.06886810120438186,1.0,0.27532793611281914,0.19617067036052713,0.014697097647373522,0.22182444833733395,-0.04680101556550917,-0.3110951030038366,0.31192613787142615,0.3817197065676818,0.4995158052145772,0.4898984318254556
engagement_q20,0.0011450847063040382,-0.0042958246188722635,-0.029722931958756593,-0.05222653098354825,0.02985353457925588,0.6554341248364158,-0.02090983131540399,0.27512966050167253,1.0,0.16769719152085805,0.4048073779018222,0.36846652645802597,0.5137692097829878,0.26992953410782333,0.23773498041332858,-0.05925013312276393,0.010847946628656973,-0.10355428759554391,-0.03547078869934641,0.0016519015022638404,-0.05096533152251494,0.15702022426086318,-0.019798623851689828,-0.059072307705838635,0.010974927800309984,0.27532793611281914,1.0,-0.015063842322419073,-0.035120101366112405,0.015383224316075843,0.11387838331603357,-0.28133829941615995,0.3090850056232519,0.37443176008828244,0.4813498893559701,0.4684280188000063
engagement_q21,0.0030272478047960313,-0.010934538801995077,0.23653622753098044,-0.09108894014046258,0.06348091527087599,0.1229200379202446,0.5000222694445452,0.19183167782351138,-0.014346381589146372,0.19953031993852097,0.11612077791040307,0.08372964022125735,0.03494872958275275,0.09393430833529266,0.1190802141639519,0.3089266401671511,0.2647524789984952,0.28782569320612506,0.19545652617026898,0.01992079859013216,0.09439338254529059,-0.027960402466442692,0.029064971495081672,0.30491309420876,0.26390422440192285,0.19617067036052713,-0.015063842322419073,1.0,0.3170774797159306,0.3822520167121196,-0.2450476716952008,-0.18105755467995865,0.13789011607450585,0.1433325974856194,0.2199556322663776,0.215083545781612
engagement_q22,-0.0038846720917852487,-0.0277067056843288,0.14509603515729264,-0.050768451835732684,0.11287427754247689,0.002725072603074332,0.612419762562033,0.013209298741602886,-0.033831984466682195,0.11293173418132914,0.033129529857464105,-0.030849999713016572,0.00012254261275241457,-0.023824762105658103,0.044193585361281575,0.19745910836279204,0.27848274945692275,0.524459089414344,0.288255961994634,0.04805568616957257,0.0975454900771423,0.040601609444483405,0.07251069874100699,0.1976926474120861,0.27347543803870955,0.014697097647373522,-0.035120101366112405,0.3170774797159306,1.0,0.1648415645544952,-0.1228186952715759,-0.07940487677567724,0.046156166604497895,0.04130591959511347,0.07906704466300059,0.07983983042713949
engagement_q23,0.0052469204495259915,-0.005448727730125198,0.12940173030005164,-0.1458223924416238,0.05417333669179005,0.1656027656727374,0.5242298261373228,0.21855619862324563,0.015781540459578247,0.26068113069182164,0.15320701701546138,0.0980041759269703,0.0781209217611499,0.10430372104108407,0.13727143302662337,0.34924386342012975,0.37341756202912946,0.14381940507270086,0.2135786865635798,-0.000566887652195282,0.0660133507905679,0.02745373689010142,0.031017540952079516,0.3529409821210285,0.3682014718978402,0.22182444833733395,0.015383224316075843,0.3822520167121196,0.1648415645544952,1.0,-0.28083885955848814,-0.19935580369975994,0.19398777239332737,0.201079968544267,0.19681271614796114,0.19174368968432198
engagement_q24,-0.008347256352314746,0.009330428692958968,-0.011089569571468678,-0.03244627502060932,0.08962625618130733,0.08508001909733538,-0.17850415169698383,-0.04251790451313492,0.11972523921207279,-0.09935165651801194,0.09750387389788344,0.11219969073086826,0.06946870453786642,-0.011872995664941812,0.04950462895989324,-0.6250253404760657,-0.2666323688537425,-0.1866343479124833,-0.21526080350778323,-0.05901679120852046,0.020533221095473498,0.16823089772571606,0.07287891609333869,-0.6300172800018451,-0.2625120414386747,-0.04680101556550917,0.11387838331603357,-0.2450476716952008,-0.1228186952715759,-0.28083885955848814,1.0,-0.04735741646083009,0.05680787254002197,0.05442928945283846,0.050883594235053196,0.05538951068978695
burnout_composite,-0.003995767129571783,0.006874437183247397,-0.4293933428139687,0.6799916500640218,-0.20516896655737563,-0.47930774943603544,-0.1414625366847034,-0.31219168253471113,-0.2811077494260768,-0.18007965794997444,-0.4206433566428984,-0.36028534743673163,-0.36450110637268757,-0.16275063965723802,-0.31713101780701763,-0.07459332238690465,-0.1417811599788785,0.023870148821561646,-0.05399647264353832,-0.05156801063686887,-0.1814781349362207,-0.18174630724963922,-0.06571022383878133,-0.07011491231645532,-0.1371634151590687,-0.3110951030038366,-0.28133829941615995,-0.18105755467995865,-0.07940487677567724,-0.19935580369975994,-0.04735741646083009,1.0,-0.7543451814885177,-0.7722961507487581,-0.5748575761549553,-0.5618660981796244
wearable_hrv_mean_30d,0.014732917490187429,-0.007905480227935198,0.1546553133112368,-0.8595749075152038,0.11532493869054494,0.4875863226676893,0.12352347459346957,0.3200564398461597,0.3030985912954339,0.18231369864533087,0.43792326654424846,0.36770152352909385,0.3723897440448088,0.1655328632199281,0.31252661745840454,0.06051544629518373,0.14021810411846242,-0.05886322152356798,0.03278218517415049,0.0011772061921985252,0.06547079208723816,0.21794762733987313,0.017213682506285282,0.0574518349697509,0.13519441363011275,0.31192613787142615,0.3090850056232519,0.13789011607450585,0.046156166604497895,0.19398777239332737,0.05680787254002197,-0.7543451814885177,1.0,0.9117861275822517,0.4389700981579667,0.4285747058308496
wearable_sleep_var_30d,0.009549829385064663,-0.0035251709021467993,0.15668549938669987,-0.8183363702027434,0.12766776439513303,0.5862054342390342,0.12318221270774828,0.38654544872190455,0.36911396583288797,0.22537618179978222,0.49572449993976203,0.43586425317113703,0.4416447676772356,0.22677538550101337,0.3639476481840033,0.06376186110006783,0.13887423568686277,-0.07226990885533909,0.0382957564789588,0.011497565833899468,0.07599002893207821,0.2231454823022083,0.028431197129929694,0.057149288618249736,0.13172765827082156,0.3817197065676818,0.37443176008828244,0.1433325974856194,0.04130591959511347,0.201079968544267,0.05442928945283846,-0.7722961507487581,0.9117861275822517,1.0,0.5187376329890184,0.5065411964513157
wearable_steps_mean_30d,0.0027346399214898086,-0.017821080467265292,0.5634513479164168,-0.14165099398953293,0.2846443229277387,0.7941736077931502,0.13629146471788603,0.49560551109755635,0.478699111688325,0.34671677053121774,0.5645657935373926,0.5555026921701607,0.5666427253633022,0.41639897012776833,0.49179858917669866,0.07335465919151242,0.09313460922740692,-0.03515413493061223,0.030084949466788576,0.11464417579554961,0.2420525423967579,0.17671155604546096,0.11860663443095854,0.06994192037041973,0.08863910464831067,0.4995158052145772,0.4813498893559701,0.2199556322663776,0.07906704466300059,0.19681271614796114,0.050883594235053196,-0.5748575761549553,0.4389700981579667,0.5187376329890184,1.0,0.9014281003298614
wearable_active_min_30d,0.01777482793742348,-0.018936919029810047,0.5491569909422866,-0.13838152364534412,0.2823231360475757,0.7703308270275011,0.12947840885558506,0.48970003867104855,0.46769195308376,0.34233950863968415,0.5469112220352629,0.5374588039097863,0.5505223203724166,0.4072370388678544,0.4792858517093609,0.061358920787204396,0.08477988634425493,-0.03449602042291903,0.028130709677060377,0.11696342951777189,0.23743821976453308,0.17368819093867563,0.12339283132532783,0.05732141533159517,0.0804195939485509,0.4898984318254556,0.4684280188000063,0.215083545781612,0.07983983042713949,0.19174368968432198,0.05538951068978695,-0.5618660981796244,0.4285747058308496,0.5065411964513157,0.9014281003298614,1.0
