outer_fold,inner_fold,fit_events,fit_people,unlabeled_events,excluded_people,employee_overlap
0,0,1769,1542,59694,1349,0
0,1,1769,1541,59935,1350,0
0,2,1770,1541,59787,1350,0
0,-1,2654,2312,64133,579,0
1,0,1769,1541,59864,1350,0
1,1,1769,1543,59880,1348,0
1,2,1770,1542,59806,1349,0
1,-1,2654,2313,64200,578,0
2,0,1770,1543,59766,1348,0
2,1,1770,1542,59794,1349,0
2,2,1770,1541,59748,1350,0
2,-1,2655,2313,64079,578,0
3,0,1770,1542,59867,1349,0
3,1,1770,1542,59814,1349,0
3,2,1770,1542,59871,1349,0
3,-1,2655,2313,64201,578,0
4,0,1769,1540,59851,1351,0
4,1,1769,1541,59908,1350,0
4,2,1770,1545,59969,1346,0
4,-1,2654,2313,64289,578,0
