fold,arm,temperature
0,supervised,1.07746617371149
0,soft_labeled,1.133993884528983
0,soft_pooled,1.0912037207914544
0,person_only,1.1498775787354916
1,supervised,1.0323360408545654
1,soft_labeled,1.0795475895672195
1,soft_pooled,1.0413122125063539
1,person_only,1.1131429730865747
2,supervised,1.0765652997038642
2,soft_labeled,1.121819213733371
2,soft_pooled,1.079078245989067
2,person_only,1.0986615587675985
3,supervised,1.0812975343724918
3,soft_labeled,1.1274787034646414
3,soft_pooled,1.0892658847763599
3,person_only,1.122762006583933
4,supervised,1.0837586426170926
4,soft_labeled,1.1348084450130014
4,soft_pooled,1.1021016463249367
4,person_only,1.112617288399827
